HOLDER,USER,NAME,TITLE,EXPNO,SOLVENT,EXPERIMENT,PARAMETERS,DISK
201,nmrsu,fibers_C1_URI_NMR-URINE@fEPP_FIBr02_FIBp024,fibers_NMR-URINE_URI_FIB01166_R1C1\n,10,Urine,PROF_URINE_NOESY,"usera2,FIB01166,usera3,FIBr02,usera4,fib621",D:\IVDrData\data
201,nmrsu,fibers_C1_URI_NMR-URINE@fEPP_FIBr02_FIBp024,fibers_NMR-URINE_URI_FIB01166_R1C1\n,11,Urine,PROF_URINE_JRES,"usera2,FIB01166,usera3,FIBr02,usera4,fib621",D:\IVDrData\data
201,nmrsu,fibers_C1_URI_NMR-URINE@fEPP_FIBr02_FIBp024,fibers_NMR-URINE_URI_FIB01166_R1C1\n,12,Urine,PROF_URINE_DAS,"usera2,FIB01166,usera3,FIBr02,usera4,fib621",D:\IVDrData\data
202,nmrsu,fibers_C1_URI_NMR-URINE@fEPP_FIBr02_FIBp024,fibers_NMR-URINE_URI_FIB01176_R1C2\n,20,Urine,PROF_URINE_NOESY,"usera2,FIB01176,usera3,FIBr02,usera4,fib623",D:\IVDrData\data
202,nmrsu,fibers_C1_URI_NMR-URINE@fEPP_FIBr02_FIBp024,fibers_NMR-URINE_URI_FIB01176_R1C2\n,21,Urine,PROF_URINE_JRES,"usera2,FIB01176,usera3,FIBr02,usera4,fib623",D:\IVDrData\data
202,nmrsu,fibers_C1_URI_NMR-URINE@fEPP_FIBr02_FIBp024,fibers_NMR-URINE_URI_FIB01176_R1C2\n,22,Urine,PROF_URINE_DAS,"usera2,FIB01176,usera3,FIBr02,usera4,fib623",D:\IVDrData\data
203,nmrsu,fibers_C1_URI_NMR-URINE@fEPP_FIBr02_FIBp024,fibers_NMR-URINE_URI_FIB01024_R1C3\n,30,Urine,PROF_URINE_NOESY,"usera2,FIB01024,usera3,FIBr02,usera4,fib632",D:\IVDrData\data
203,nmrsu,fibers_C1_URI_NMR-URINE@fEPP_FIBr02_FIBp024,fibers_NMR-URINE_URI_FIB01024_R1C3\n,31,Urine,PROF_URINE_JRES,"usera2,FIB01024,usera3,FIBr02,usera4,fib632",D:\IVDrData\data
203,nmrsu,fibers_C1_URI_NMR-URINE@fEPP_FIBr02_FIBp024,fibers_NMR-URINE_URI_FIB01024_R1C3\n,32,Urine,PROF_URINE_DAS,"usera2,FIB01024,usera3,FIBr02,usera4,fib632",D:\IVDrData\data
204,nmrsu,fibers_C1_URI_NMR-URINE@fEPP_FIBr02_FIBp024,fibers_NMR-URINE_URI_FIB01030_R1C4\n,40,Urine,PROF_URINE_NOESY,"usera2,FIB01030,usera3,FIBr02,usera4,fib634",D:\IVDrData\data
204,nmrsu,fibers_C1_URI_NMR-URINE@fEPP_FIBr02_FIBp024,fibers_NMR-URINE_URI_FIB01030_R1C4\n,41,Urine,PROF_URINE_JRES,"usera2,FIB01030,usera3,FIBr02,usera4,fib634",D:\IVDrData\data
204,nmrsu,fibers_C1_URI_NMR-URINE@fEPP_FIBr02_FIBp024,fibers_NMR-URINE_URI_FIB01030_R1C4\n,42,Urine,PROF_URINE_DAS,"usera2,FIB01030,usera3,FIBr02,usera4,fib634",D:\IVDrData\data
205,nmrsu,fibers_C1_URI_NMR-URINE@fEPP_FIBr02_FIBp024,fibers_NMR-URINE_URI_FIB01131_R1C5\n,50,Urine,PROF_URINE_NOESY,"usera2,FIB01131,usera3,FIBr02,usera4,fib646",D:\IVDrData\data
205,nmrsu,fibers_C1_URI_NMR-URINE@fEPP_FIBr02_FIBp024,fibers_NMR-URINE_URI_FIB01131_R1C5\n,51,Urine,PROF_URINE_JRES,"usera2,FIB01131,usera3,FIBr02,usera4,fib646",D:\IVDrData\data
205,nmrsu,fibers_C1_URI_NMR-URINE@fEPP_FIBr02_FIBp024,fibers_NMR-URINE_URI_FIB01131_R1C5\n,52,Urine,PROF_URINE_DAS,"usera2,FIB01131,usera3,FIBr02,usera4,fib646",D:\IVDrData\data
206,nmrsu,fibers_C1_URI_NMR-URINE@fEPP_FIBr02_FIBp024,fibers_NMR-URINE_URI_FIB01147_R1C6\n,60,Urine,PROF_URINE_NOESY,"usera2,FIB01147,usera3,FIBr02,usera4,fib659",D:\IVDrData\data
206,nmrsu,fibers_C1_URI_NMR-URINE@fEPP_FIBr02_FIBp024,fibers_NMR-URINE_URI_FIB01147_R1C6\n,61,Urine,PROF_URINE_JRES,"usera2,FIB01147,usera3,FIBr02,usera4,fib659",D:\IVDrData\data
206,nmrsu,fibers_C1_URI_NMR-URINE@fEPP_FIBr02_FIBp024,fibers_NMR-URINE_URI_FIB01147_R1C6\n,62,Urine,PROF_URINE_DAS,"usera2,FIB01147,usera3,FIBr02,usera4,fib659",D:\IVDrData\data
213,nmrsu,fibers_C1_URI_NMR-URINE@fEPP_FIBr02_FIBp024,fibers_NMR-URINE_URI_FIB01169_R2C1\n,70,Urine,PROF_URINE_NOESY,"usera2,FIB01169,usera3,FIBr02,usera4,fib621",D:\IVDrData\data
213,nmrsu,fibers_C1_URI_NMR-URINE@fEPP_FIBr02_FIBp024,fibers_NMR-URINE_URI_FIB01169_R2C1\n,71,Urine,PROF_URINE_JRES,"usera2,FIB01169,usera3,FIBr02,usera4,fib621",D:\IVDrData\data
213,nmrsu,fibers_C1_URI_NMR-URINE@fEPP_FIBr02_FIBp024,fibers_NMR-URINE_URI_FIB01169_R2C1\n,72,Urine,PROF_URINE_DAS,"usera2,FIB01169,usera3,FIBr02,usera4,fib621",D:\IVDrData\data
214,nmrsu,fibers_C1_URI_NMR-URINE@fEPP_FIBr02_FIBp024,fibers_NMR-URINE_URI_FIB01179_R2C2\n,80,Urine,PROF_URINE_NOESY,"usera2,FIB01179,usera3,FIBr02,usera4,fib623",D:\IVDrData\data
214,nmrsu,fibers_C1_URI_NMR-URINE@fEPP_FIBr02_FIBp024,fibers_NMR-URINE_URI_FIB01179_R2C2\n,81,Urine,PROF_URINE_JRES,"usera2,FIB01179,usera3,FIBr02,usera4,fib623",D:\IVDrData\data
214,nmrsu,fibers_C1_URI_NMR-URINE@fEPP_FIBr02_FIBp024,fibers_NMR-URINE_URI_FIB01179_R2C2\n,82,Urine,PROF_URINE_DAS,"usera2,FIB01179,usera3,FIBr02,usera4,fib623",D:\IVDrData\data
215,nmrsu,fibers_C1_URI_NMR-URINE@fEPP_FIBr02_FIBp024,fibers_NMR-URINE_URI_SLTR_R2C3\n,90,Urine,PROF_URINE_NOESY,"usera2,SLTR,usera3,FIBr02,usera4,URI",D:\IVDrData\data
215,nmrsu,fibers_C1_URI_NMR-URINE@fEPP_FIBr02_FIBp024,fibers_NMR-URINE_URI_SLTR_R2C3\n,91,Urine,PROF_URINE_JRES,"usera2,SLTR,usera3,FIBr02,usera4,URI",D:\IVDrData\data
215,nmrsu,fibers_C1_URI_NMR-URINE@fEPP_FIBr02_FIBp024,fibers_NMR-URINE_URI_SLTR_R2C3\n,92,Urine,PROF_URINE_DAS,"usera2,SLTR,usera3,FIBr02,usera4,URI",D:\IVDrData\data
216,nmrsu,fibers_C1_URI_NMR-URINE@fEPP_FIBr02_FIBp024,fibers_NMR-URINE_URI_FIB01035_R2C4\n,100,Urine,PROF_URINE_NOESY,"usera2,FIB01035,usera3,FIBr02,usera4,fib634",D:\IVDrData\data
216,nmrsu,fibers_C1_URI_NMR-URINE@fEPP_FIBr02_FIBp024,fibers_NMR-URINE_URI_FIB01035_R2C4\n,101,Urine,PROF_URINE_JRES,"usera2,FIB01035,usera3,FIBr02,usera4,fib634",D:\IVDrData\data
216,nmrsu,fibers_C1_URI_NMR-URINE@fEPP_FIBr02_FIBp024,fibers_NMR-URINE_URI_FIB01035_R2C4\n,102,Urine,PROF_URINE_DAS,"usera2,FIB01035,usera3,FIBr02,usera4,fib634",D:\IVDrData\data
217,nmrsu,fibers_C1_URI_NMR-URINE@fEPP_FIBr02_FIBp024,fibers_NMR-URINE_URI_FIB01136_R2C5\n,110,Urine,PROF_URINE_NOESY,"usera2,FIB01136,usera3,FIBr02,usera4,fib646",D:\IVDrData\data
217,nmrsu,fibers_C1_URI_NMR-URINE@fEPP_FIBr02_FIBp024,fibers_NMR-URINE_URI_FIB01136_R2C5\n,111,Urine,PROF_URINE_JRES,"usera2,FIB01136,usera3,FIBr02,usera4,fib646",D:\IVDrData\data
217,nmrsu,fibers_C1_URI_NMR-URINE@fEPP_FIBr02_FIBp024,fibers_NMR-URINE_URI_FIB01136_R2C5\n,112,Urine,PROF_URINE_DAS,"usera2,FIB01136,usera3,FIBr02,usera4,fib646",D:\IVDrData\data
218,nmrsu,fibers_C1_URI_NMR-URINE@fEPP_FIBr02_FIBp024,fibers_NMR-URINE_URI_FIB01152_R2C6\n,120,Urine,PROF_URINE_NOESY,"usera2,FIB01152,usera3,FIBr02,usera4,fib659",D:\IVDrData\data
218,nmrsu,fibers_C1_URI_NMR-URINE@fEPP_FIBr02_FIBp024,fibers_NMR-URINE_URI_FIB01152_R2C6\n,121,Urine,PROF_URINE_JRES,"usera2,FIB01152,usera3,FIBr02,usera4,fib659",D:\IVDrData\data
218,nmrsu,fibers_C1_URI_NMR-URINE@fEPP_FIBr02_FIBp024,fibers_NMR-URINE_URI_FIB01152_R2C6\n,122,Urine,PROF_URINE_DAS,"usera2,FIB01152,usera3,FIBr02,usera4,fib659",D:\IVDrData\data
220,nmrsu,fibers_C1_URI_NMR-URINE@fEPP_FIBr02_FIBp024,fibers_NMR-URINE_URI_SLTR_R2C8\n,130,Urine,PROF_URINE_NOESY,"usera2,SLTR,usera3,FIBr02,usera4,URI",D:\IVDrData\data
220,nmrsu,fibers_C1_URI_NMR-URINE@fEPP_FIBr02_FIBp024,fibers_NMR-URINE_URI_SLTR_R2C8\n,131,Urine,PROF_URINE_JRES,"usera2,SLTR,usera3,FIBr02,usera4,URI",D:\IVDrData\data
220,nmrsu,fibers_C1_URI_NMR-URINE@fEPP_FIBr02_FIBp024,fibers_NMR-URINE_URI_SLTR_R2C8\n,132,Urine,PROF_URINE_DAS,"usera2,SLTR,usera3,FIBr02,usera4,URI",D:\IVDrData\data
224,nmrsu,fibers_C1_URI_NMR-URINE@fEPP_FIBr02_FIBp024,fibers_NMR-URINE_URI_LTR_R2C12\n,140,Urine,PROF_URINE_NOESY,"usera2,LTR,usera3,FIBr02,usera4,URI",D:\IVDrData\data
224,nmrsu,fibers_C1_URI_NMR-URINE@fEPP_FIBr02_FIBp024,fibers_NMR-URINE_URI_LTR_R2C12\n,141,Urine,PROF_URINE_JRES,"usera2,LTR,usera3,FIBr02,usera4,URI",D:\IVDrData\data
224,nmrsu,fibers_C1_URI_NMR-URINE@fEPP_FIBr02_FIBp024,fibers_NMR-URINE_URI_LTR_R2C12\n,142,Urine,PROF_URINE_DAS,"usera2,LTR,usera3,FIBr02,usera4,URI",D:\IVDrData\data
225,nmrsu,fibers_C1_URI_NMR-URINE@fEPP_FIBr02_FIBp024,fibers_NMR-URINE_URI_FIB01172_R3C1\n,150,Urine,PROF_URINE_NOESY,"usera2,FIB01172,usera3,FIBr02,usera4,fib621",D:\IVDrData\data
225,nmrsu,fibers_C1_URI_NMR-URINE@fEPP_FIBr02_FIBp024,fibers_NMR-URINE_URI_FIB01172_R3C1\n,151,Urine,PROF_URINE_JRES,"usera2,FIB01172,usera3,FIBr02,usera4,fib621",D:\IVDrData\data
225,nmrsu,fibers_C1_URI_NMR-URINE@fEPP_FIBr02_FIBp024,fibers_NMR-URINE_URI_FIB01172_R3C1\n,152,Urine,PROF_URINE_DAS,"usera2,FIB01172,usera3,FIBr02,usera4,fib621",D:\IVDrData\data
226,nmrsu,fibers_C1_URI_NMR-URINE@fEPP_FIBr02_FIBp024,fibers_NMR-URINE_URI_FIB01009_R3C2\n,160,Urine,PROF_URINE_NOESY,"usera2,FIB01009,usera3,FIBr02,usera4,fib624",D:\IVDrData\data
226,nmrsu,fibers_C1_URI_NMR-URINE@fEPP_FIBr02_FIBp024,fibers_NMR-URINE_URI_FIB01009_R3C2\n,161,Urine,PROF_URINE_JRES,"usera2,FIB01009,usera3,FIBr02,usera4,fib624",D:\IVDrData\data
226,nmrsu,fibers_C1_URI_NMR-URINE@fEPP_FIBr02_FIBp024,fibers_NMR-URINE_URI_FIB01009_R3C2\n,162,Urine,PROF_URINE_DAS,"usera2,FIB01009,usera3,FIBr02,usera4,fib624",D:\IVDrData\data
227,nmrsu,fibers_C1_URI_NMR-URINE@fEPP_FIBr02_FIBp024,fibers_NMR-URINE_URI_FIB01029_R3C3\n,170,Urine,PROF_URINE_NOESY,"usera2,FIB01029,usera3,FIBr02,usera4,fib632",D:\IVDrData\data
227,nmrsu,fibers_C1_URI_NMR-URINE@fEPP_FIBr02_FIBp024,fibers_NMR-URINE_URI_FIB01029_R3C3\n,171,Urine,PROF_URINE_JRES,"usera2,FIB01029,usera3,FIBr02,usera4,fib632",D:\IVDrData\data
227,nmrsu,fibers_C1_URI_NMR-URINE@fEPP_FIBr02_FIBp024,fibers_NMR-URINE_URI_FIB01029_R3C3\n,172,Urine,PROF_URINE_DAS,"usera2,FIB01029,usera3,FIBr02,usera4,fib632",D:\IVDrData\data
228,nmrsu,fibers_C1_URI_NMR-URINE@fEPP_FIBr02_FIBp024,fibers_NMR-URINE_URI_FIB01040_R3C4\n,180,Urine,PROF_URINE_NOESY,"usera2,FIB01040,usera3,FIBr02,usera4,fib634",D:\IVDrData\data
228,nmrsu,fibers_C1_URI_NMR-URINE@fEPP_FIBr02_FIBp024,fibers_NMR-URINE_URI_FIB01040_R3C4\n,181,Urine,PROF_URINE_JRES,"usera2,FIB01040,usera3,FIBr02,usera4,fib634",D:\IVDrData\data
228,nmrsu,fibers_C1_URI_NMR-URINE@fEPP_FIBr02_FIBp024,fibers_NMR-URINE_URI_FIB01040_R3C4\n,182,Urine,PROF_URINE_DAS,"usera2,FIB01040,usera3,FIBr02,usera4,fib634",D:\IVDrData\data
229,nmrsu,fibers_C1_URI_NMR-URINE@fEPP_FIBr02_FIBp024,fibers_NMR-URINE_URI_FIB01141_R3C5\n,190,Urine,PROF_URINE_NOESY,"usera2,FIB01141,usera3,FIBr02,usera4,fib646",D:\IVDrData\data
229,nmrsu,fibers_C1_URI_NMR-URINE@fEPP_FIBr02_FIBp024,fibers_NMR-URINE_URI_FIB01141_R3C5\n,191,Urine,PROF_URINE_JRES,"usera2,FIB01141,usera3,FIBr02,usera4,fib646",D:\IVDrData\data
229,nmrsu,fibers_C1_URI_NMR-URINE@fEPP_FIBr02_FIBp024,fibers_NMR-URINE_URI_FIB01141_R3C5\n,192,Urine,PROF_URINE_DAS,"usera2,FIB01141,usera3,FIBr02,usera4,fib646",D:\IVDrData\data
237,nmrsu,fibers_C1_URI_NMR-URINE@fEPP_FIBr02_FIBp024,fibers_NMR-URINE_URI_FIB01175_R4C1\n,200,Urine,PROF_URINE_NOESY,"usera2,FIB01175,usera3,FIBr02,usera4,fib621",D:\IVDrData\data
237,nmrsu,fibers_C1_URI_NMR-URINE@fEPP_FIBr02_FIBp024,fibers_NMR-URINE_URI_FIB01175_R4C1\n,201,Urine,PROF_URINE_JRES,"usera2,FIB01175,usera3,FIBr02,usera4,fib621",D:\IVDrData\data
237,nmrsu,fibers_C1_URI_NMR-URINE@fEPP_FIBr02_FIBp024,fibers_NMR-URINE_URI_FIB01175_R4C1\n,202,Urine,PROF_URINE_DAS,"usera2,FIB01175,usera3,FIBr02,usera4,fib621",D:\IVDrData\data
238,nmrsu,fibers_C1_URI_NMR-URINE@fEPP_FIBr02_FIBp024,fibers_NMR-URINE_URI_FIB01011_R4C2\n,210,Urine,PROF_URINE_NOESY,"usera2,FIB01011,usera3,FIBr02,usera4,fib624",D:\IVDrData\data
238,nmrsu,fibers_C1_URI_NMR-URINE@fEPP_FIBr02_FIBp024,fibers_NMR-URINE_URI_FIB01011_R4C2\n,211,Urine,PROF_URINE_JRES,"usera2,FIB01011,usera3,FIBr02,usera4,fib624",D:\IVDrData\data
238,nmrsu,fibers_C1_URI_NMR-URINE@fEPP_FIBr02_FIBp024,fibers_NMR-URINE_URI_FIB01011_R4C2\n,212,Urine,PROF_URINE_DAS,"usera2,FIB01011,usera3,FIBr02,usera4,fib624",D:\IVDrData\data
239,nmrsu,fibers_C1_URI_NMR-URINE@fEPP_FIBr02_FIBp024,fibers_NMR-URINE_URI_FIB01034_R4C3\n,220,Urine,PROF_URINE_NOESY,"usera2,FIB01034,usera3,FIBr02,usera4,fib632",D:\IVDrData\data
239,nmrsu,fibers_C1_URI_NMR-URINE@fEPP_FIBr02_FIBp024,fibers_NMR-URINE_URI_FIB01034_R4C3\n,221,Urine,PROF_URINE_JRES,"usera2,FIB01034,usera3,FIBr02,usera4,fib632",D:\IVDrData\data
239,nmrsu,fibers_C1_URI_NMR-URINE@fEPP_FIBr02_FIBp024,fibers_NMR-URINE_URI_FIB01034_R4C3\n,222,Urine,PROF_URINE_DAS,"usera2,FIB01034,usera3,FIBr02,usera4,fib632",D:\IVDrData\data
240,nmrsu,fibers_C1_URI_NMR-URINE@fEPP_FIBr02_FIBp024,fibers_NMR-URINE_URI_FIB01098_R4C4\n,230,Urine,PROF_URINE_NOESY,"usera2,FIB01098,usera3,FIBr02,usera4,fib634",D:\IVDrData\data
240,nmrsu,fibers_C1_URI_NMR-URINE@fEPP_FIBr02_FIBp024,fibers_NMR-URINE_URI_FIB01098_R4C4\n,231,Urine,PROF_URINE_JRES,"usera2,FIB01098,usera3,FIBr02,usera4,fib634",D:\IVDrData\data
240,nmrsu,fibers_C1_URI_NMR-URINE@fEPP_FIBr02_FIBp024,fibers_NMR-URINE_URI_FIB01098_R4C4\n,232,Urine,PROF_URINE_DAS,"usera2,FIB01098,usera3,FIBr02,usera4,fib634",D:\IVDrData\data
241,nmrsu,fibers_C1_URI_NMR-URINE@fEPP_FIBr02_FIBp024,fibers_NMR-URINE_URI_FIB01146_R4C5\n,240,Urine,PROF_URINE_NOESY,"usera2,FIB01146,usera3,FIBr02,usera4,fib646",D:\IVDrData\data
241,nmrsu,fibers_C1_URI_NMR-URINE@fEPP_FIBr02_FIBp024,fibers_NMR-URINE_URI_FIB01146_R4C5\n,241,Urine,PROF_URINE_JRES,"usera2,FIB01146,usera3,FIBr02,usera4,fib646",D:\IVDrData\data
241,nmrsu,fibers_C1_URI_NMR-URINE@fEPP_FIBr02_FIBp024,fibers_NMR-URINE_URI_FIB01146_R4C5\n,242,Urine,PROF_URINE_DAS,"usera2,FIB01146,usera3,FIBr02,usera4,fib646",D:\IVDrData\data
248,nmrsu,fibers_C1_URI_NMR-URINE@fEPP_FIBr02_FIBp024,fibers_NMR-URINE_URI_LTR_R4C12\n,250,Urine,PROF_URINE_NOESY,"usera2,LTR,usera3,FIBr02,usera4,URI",D:\IVDrData\data
248,nmrsu,fibers_C1_URI_NMR-URINE@fEPP_FIBr02_FIBp024,fibers_NMR-URINE_URI_LTR_R4C12\n,251,Urine,PROF_URINE_JRES,"usera2,LTR,usera3,FIBr02,usera4,URI",D:\IVDrData\data
248,nmrsu,fibers_C1_URI_NMR-URINE@fEPP_FIBr02_FIBp024,fibers_NMR-URINE_URI_LTR_R4C12\n,252,Urine,PROF_URINE_DAS,"usera2,LTR,usera3,FIBr02,usera4,URI",D:\IVDrData\data
249,nmrsu,fibers_C1_URI_NMR-URINE@fEPP_FIBr02_FIBp024,fibers_NMR-URINE_URI_FIB01178_R5C1\n,260,Urine,PROF_URINE_NOESY,"usera2,FIB01178,usera3,FIBr02,usera4,fib621",D:\IVDrData\data
249,nmrsu,fibers_C1_URI_NMR-URINE@fEPP_FIBr02_FIBp024,fibers_NMR-URINE_URI_FIB01178_R5C1\n,261,Urine,PROF_URINE_JRES,"usera2,FIB01178,usera3,FIBr02,usera4,fib621",D:\IVDrData\data
249,nmrsu,fibers_C1_URI_NMR-URINE@fEPP_FIBr02_FIBp024,fibers_NMR-URINE_URI_FIB01178_R5C1\n,262,Urine,PROF_URINE_DAS,"usera2,FIB01178,usera3,FIBr02,usera4,fib621",D:\IVDrData\data
250,nmrsu,fibers_C1_URI_NMR-URINE@fEPP_FIBr02_FIBp024,fibers_NMR-URINE_URI_FIB01013_R5C2\n,270,Urine,PROF_URINE_NOESY,"usera2,FIB01013,usera3,FIBr02,usera4,fib624",D:\IVDrData\data
250,nmrsu,fibers_C1_URI_NMR-URINE@fEPP_FIBr02_FIBp024,fibers_NMR-URINE_URI_FIB01013_R5C2\n,271,Urine,PROF_URINE_JRES,"usera2,FIB01013,usera3,FIBr02,usera4,fib624",D:\IVDrData\data
250,nmrsu,fibers_C1_URI_NMR-URINE@fEPP_FIBr02_FIBp024,fibers_NMR-URINE_URI_FIB01013_R5C2\n,272,Urine,PROF_URINE_DAS,"usera2,FIB01013,usera3,FIBr02,usera4,fib624",D:\IVDrData\data
251,nmrsu,fibers_C1_URI_NMR-URINE@fEPP_FIBr02_FIBp024,fibers_NMR-URINE_URI_FIB01039_R5C3\n,280,Urine,PROF_URINE_NOESY,"usera2,FIB01039,usera3,FIBr02,usera4,fib632",D:\IVDrData\data
251,nmrsu,fibers_C1_URI_NMR-URINE@fEPP_FIBr02_FIBp024,fibers_NMR-URINE_URI_FIB01039_R5C3\n,281,Urine,PROF_URINE_JRES,"usera2,FIB01039,usera3,FIBr02,usera4,fib632",D:\IVDrData\data
251,nmrsu,fibers_C1_URI_NMR-URINE@fEPP_FIBr02_FIBp024,fibers_NMR-URINE_URI_FIB01039_R5C3\n,282,Urine,PROF_URINE_DAS,"usera2,FIB01039,usera3,FIBr02,usera4,fib632",D:\IVDrData\data
252,nmrsu,fibers_C1_URI_NMR-URINE@fEPP_FIBr02_FIBp024,fibers_NMR-URINE_URI_FIB01104_R5C4\n,290,Urine,PROF_URINE_NOESY,"usera2,FIB01104,usera3,FIBr02,usera4,fib634",D:\IVDrData\data
252,nmrsu,fibers_C1_URI_NMR-URINE@fEPP_FIBr02_FIBp024,fibers_NMR-URINE_URI_FIB01104_R5C4\n,291,Urine,PROF_URINE_JRES,"usera2,FIB01104,usera3,FIBr02,usera4,fib634",D:\IVDrData\data
252,nmrsu,fibers_C1_URI_NMR-URINE@fEPP_FIBr02_FIBp024,fibers_NMR-URINE_URI_FIB01104_R5C4\n,292,Urine,PROF_URINE_DAS,"usera2,FIB01104,usera3,FIBr02,usera4,fib634",D:\IVDrData\data
253,nmrsu,fibers_C1_URI_NMR-URINE@fEPP_FIBr02_FIBp024,fibers_NMR-URINE_URI_FIB01151_R5C5\n,300,Urine,PROF_URINE_NOESY,"usera2,FIB01151,usera3,FIBr02,usera4,fib646",D:\IVDrData\data
253,nmrsu,fibers_C1_URI_NMR-URINE@fEPP_FIBr02_FIBp024,fibers_NMR-URINE_URI_FIB01151_R5C5\n,301,Urine,PROF_URINE_JRES,"usera2,FIB01151,usera3,FIBr02,usera4,fib646",D:\IVDrData\data
253,nmrsu,fibers_C1_URI_NMR-URINE@fEPP_FIBr02_FIBp024,fibers_NMR-URINE_URI_FIB01151_R5C5\n,302,Urine,PROF_URINE_DAS,"usera2,FIB01151,usera3,FIBr02,usera4,fib646",D:\IVDrData\data
261,nmrsu,fibers_C1_URI_NMR-URINE@fEPP_FIBr02_FIBp024,fibers_NMR-URINE_URI_FIB01167_R6C1\n,310,Urine,PROF_URINE_NOESY,"usera2,FIB01167,usera3,FIBr02,usera4,fib623",D:\IVDrData\data
261,nmrsu,fibers_C1_URI_NMR-URINE@fEPP_FIBr02_FIBp024,fibers_NMR-URINE_URI_FIB01167_R6C1\n,311,Urine,PROF_URINE_JRES,"usera2,FIB01167,usera3,FIBr02,usera4,fib623",D:\IVDrData\data
261,nmrsu,fibers_C1_URI_NMR-URINE@fEPP_FIBr02_FIBp024,fibers_NMR-URINE_URI_FIB01167_R6C1\n,312,Urine,PROF_URINE_DAS,"usera2,FIB01167,usera3,FIBr02,usera4,fib623",D:\IVDrData\data
262,nmrsu,fibers_C1_URI_NMR-URINE@fEPP_FIBr02_FIBp024,fibers_NMR-URINE_URI_FIB01015_R6C2\n,320,Urine,PROF_URINE_NOESY,"usera2,FIB01015,usera3,FIBr02,usera4,fib624",D:\IVDrData\data
262,nmrsu,fibers_C1_URI_NMR-URINE@fEPP_FIBr02_FIBp024,fibers_NMR-URINE_URI_FIB01015_R6C2\n,321,Urine,PROF_URINE_JRES,"usera2,FIB01015,usera3,FIBr02,usera4,fib624",D:\IVDrData\data
262,nmrsu,fibers_C1_URI_NMR-URINE@fEPP_FIBr02_FIBp024,fibers_NMR-URINE_URI_FIB01015_R6C2\n,322,Urine,PROF_URINE_DAS,"usera2,FIB01015,usera3,FIBr02,usera4,fib624",D:\IVDrData\data
263,nmrsu,fibers_C1_URI_NMR-URINE@fEPP_FIBr02_FIBp024,fibers_NMR-URINE_URI_FIB01022_R6C3\n,330,Urine,PROF_URINE_NOESY,"usera2,FIB01022,usera3,FIBr02,usera4,fib634",D:\IVDrData\data
263,nmrsu,fibers_C1_URI_NMR-URINE@fEPP_FIBr02_FIBp024,fibers_NMR-URINE_URI_FIB01022_R6C3\n,331,Urine,PROF_URINE_JRES,"usera2,FIB01022,usera3,FIBr02,usera4,fib634",D:\IVDrData\data
263,nmrsu,fibers_C1_URI_NMR-URINE@fEPP_FIBr02_FIBp024,fibers_NMR-URINE_URI_FIB01022_R6C3\n,332,Urine,PROF_URINE_DAS,"usera2,FIB01022,usera3,FIBr02,usera4,fib634",D:\IVDrData\data
264,nmrsu,fibers_C1_URI_NMR-URINE@fEPP_FIBr02_FIBp024,fibers_NMR-URINE_URI_FIB01110_R6C4\n,340,Urine,PROF_URINE_NOESY,"usera2,FIB01110,usera3,FIBr02,usera4,fib634",D:\IVDrData\data
264,nmrsu,fibers_C1_URI_NMR-URINE@fEPP_FIBr02_FIBp024,fibers_NMR-URINE_URI_FIB01110_R6C4\n,341,Urine,PROF_URINE_JRES,"usera2,FIB01110,usera3,FIBr02,usera4,fib634",D:\IVDrData\data
264,nmrsu,fibers_C1_URI_NMR-URINE@fEPP_FIBr02_FIBp024,fibers_NMR-URINE_URI_FIB01110_R6C4\n,342,Urine,PROF_URINE_DAS,"usera2,FIB01110,usera3,FIBr02,usera4,fib634",D:\IVDrData\data
265,nmrsu,fibers_C1_URI_NMR-URINE@fEPP_FIBr02_FIBp024,fibers_NMR-URINE_URI_FIB01132_R6C5\n,350,Urine,PROF_URINE_NOESY,"usera2,FIB01132,usera3,FIBr02,usera4,fib659",D:\IVDrData\data
265,nmrsu,fibers_C1_URI_NMR-URINE@fEPP_FIBr02_FIBp024,fibers_NMR-URINE_URI_FIB01132_R6C5\n,351,Urine,PROF_URINE_JRES,"usera2,FIB01132,usera3,FIBr02,usera4,fib659",D:\IVDrData\data
265,nmrsu,fibers_C1_URI_NMR-URINE@fEPP_FIBr02_FIBp024,fibers_NMR-URINE_URI_FIB01132_R6C5\n,352,Urine,PROF_URINE_DAS,"usera2,FIB01132,usera3,FIBr02,usera4,fib659",D:\IVDrData\data
272,nmrsu,fibers_C1_URI_NMR-URINE@fEPP_FIBr02_FIBp024,fibers_NMR-URINE_URI_LTR_R6C12\n,360,Urine,PROF_URINE_NOESY,"usera2,LTR,usera3,FIBr02,usera4,URI",D:\IVDrData\data
272,nmrsu,fibers_C1_URI_NMR-URINE@fEPP_FIBr02_FIBp024,fibers_NMR-URINE_URI_LTR_R6C12\n,361,Urine,PROF_URINE_JRES,"usera2,LTR,usera3,FIBr02,usera4,URI",D:\IVDrData\data
272,nmrsu,fibers_C1_URI_NMR-URINE@fEPP_FIBr02_FIBp024,fibers_NMR-URINE_URI_LTR_R6C12\n,362,Urine,PROF_URINE_DAS,"usera2,LTR,usera3,FIBr02,usera4,URI",D:\IVDrData\data
273,nmrsu,fibers_C1_URI_NMR-URINE@fEPP_FIBr02_FIBp024,fibers_NMR-URINE_URI_FIB01170_R7C1\n,370,Urine,PROF_URINE_NOESY,"usera2,FIB01170,usera3,FIBr02,usera4,fib623",D:\IVDrData\data
273,nmrsu,fibers_C1_URI_NMR-URINE@fEPP_FIBr02_FIBp024,fibers_NMR-URINE_URI_FIB01170_R7C1\n,371,Urine,PROF_URINE_JRES,"usera2,FIB01170,usera3,FIBr02,usera4,fib623",D:\IVDrData\data
273,nmrsu,fibers_C1_URI_NMR-URINE@fEPP_FIBr02_FIBp024,fibers_NMR-URINE_URI_FIB01170_R7C1\n,372,Urine,PROF_URINE_DAS,"usera2,FIB01170,usera3,FIBr02,usera4,fib623",D:\IVDrData\data
274,nmrsu,fibers_C1_URI_NMR-URINE@fEPP_FIBr02_FIBp024,fibers_NMR-URINE_URI_FIB01017_R7C2\n,380,Urine,PROF_URINE_NOESY,"usera2,FIB01017,usera3,FIBr02,usera4,fib624",D:\IVDrData\data
274,nmrsu,fibers_C1_URI_NMR-URINE@fEPP_FIBr02_FIBp024,fibers_NMR-URINE_URI_FIB01017_R7C2\n,381,Urine,PROF_URINE_JRES,"usera2,FIB01017,usera3,FIBr02,usera4,fib624",D:\IVDrData\data
274,nmrsu,fibers_C1_URI_NMR-URINE@fEPP_FIBr02_FIBp024,fibers_NMR-URINE_URI_FIB01017_R7C2\n,382,Urine,PROF_URINE_DAS,"usera2,FIB01017,usera3,FIBr02,usera4,fib624",D:\IVDrData\data
275,nmrsu,fibers_C1_URI_NMR-URINE@fEPP_FIBr02_FIBp024,fibers_NMR-URINE_URI_SLTR_R7C3\n,390,Urine,PROF_URINE_NOESY,"usera2,SLTR,usera3,FIBr02,usera4,URI",D:\IVDrData\data
275,nmrsu,fibers_C1_URI_NMR-URINE@fEPP_FIBr02_FIBp024,fibers_NMR-URINE_URI_SLTR_R7C3\n,391,Urine,PROF_URINE_JRES,"usera2,SLTR,usera3,FIBr02,usera4,URI",D:\IVDrData\data
275,nmrsu,fibers_C1_URI_NMR-URINE@fEPP_FIBr02_FIBp024,fibers_NMR-URINE_URI_SLTR_R7C3\n,392,Urine,PROF_URINE_DAS,"usera2,SLTR,usera3,FIBr02,usera4,URI",D:\IVDrData\data
276,nmrsu,fibers_C1_URI_NMR-URINE@fEPP_FIBr02_FIBp024,fibers_NMR-URINE_URI_FIB01116_R7C4\n,400,Urine,PROF_URINE_NOESY,"usera2,FIB01116,usera3,FIBr02,usera4,fib634",D:\IVDrData\data
276,nmrsu,fibers_C1_URI_NMR-URINE@fEPP_FIBr02_FIBp024,fibers_NMR-URINE_URI_FIB01116_R7C4\n,401,Urine,PROF_URINE_JRES,"usera2,FIB01116,usera3,FIBr02,usera4,fib634",D:\IVDrData\data
276,nmrsu,fibers_C1_URI_NMR-URINE@fEPP_FIBr02_FIBp024,fibers_NMR-URINE_URI_FIB01116_R7C4\n,402,Urine,PROF_URINE_DAS,"usera2,FIB01116,usera3,FIBr02,usera4,fib634",D:\IVDrData\data
277,nmrsu,fibers_C1_URI_NMR-URINE@fEPP_FIBr02_FIBp024,fibers_NMR-URINE_URI_FIB01137_R7C5\n,410,Urine,PROF_URINE_NOESY,"usera2,FIB01137,usera3,FIBr02,usera4,fib659",D:\IVDrData\data
277,nmrsu,fibers_C1_URI_NMR-URINE@fEPP_FIBr02_FIBp024,fibers_NMR-URINE_URI_FIB01137_R7C5\n,411,Urine,PROF_URINE_JRES,"usera2,FIB01137,usera3,FIBr02,usera4,fib659",D:\IVDrData\data
277,nmrsu,fibers_C1_URI_NMR-URINE@fEPP_FIBr02_FIBp024,fibers_NMR-URINE_URI_FIB01137_R7C5\n,412,Urine,PROF_URINE_DAS,"usera2,FIB01137,usera3,FIBr02,usera4,fib659",D:\IVDrData\data
280,nmrsu,fibers_C1_URI_NMR-URINE@fEPP_FIBr02_FIBp024,fibers_NMR-URINE_URI_SLTR_R7C8\n,420,Urine,PROF_URINE_NOESY,"usera2,SLTR,usera3,FIBr02,usera4,URI",D:\IVDrData\data
280,nmrsu,fibers_C1_URI_NMR-URINE@fEPP_FIBr02_FIBp024,fibers_NMR-URINE_URI_SLTR_R7C8\n,421,Urine,PROF_URINE_JRES,"usera2,SLTR,usera3,FIBr02,usera4,URI",D:\IVDrData\data
280,nmrsu,fibers_C1_URI_NMR-URINE@fEPP_FIBr02_FIBp024,fibers_NMR-URINE_URI_SLTR_R7C8\n,422,Urine,PROF_URINE_DAS,"usera2,SLTR,usera3,FIBr02,usera4,URI",D:\IVDrData\data
285,nmrsu,fibers_C1_URI_NMR-URINE@fEPP_FIBr02_FIBp024,fibers_NMR-URINE_URI_FIB01173_R8C1\n,430,Urine,PROF_URINE_NOESY,"usera2,FIB01173,usera3,FIBr02,usera4,fib623",D:\IVDrData\data
285,nmrsu,fibers_C1_URI_NMR-URINE@fEPP_FIBr02_FIBp024,fibers_NMR-URINE_URI_FIB01173_R8C1\n,431,Urine,PROF_URINE_JRES,"usera2,FIB01173,usera3,FIBr02,usera4,fib623",D:\IVDrData\data
285,nmrsu,fibers_C1_URI_NMR-URINE@fEPP_FIBr02_FIBp024,fibers_NMR-URINE_URI_FIB01173_R8C1\n,432,Urine,PROF_URINE_DAS,"usera2,FIB01173,usera3,FIBr02,usera4,fib623",D:\IVDrData\data
286,nmrsu,fibers_C1_URI_NMR-URINE@fEPP_FIBr02_FIBp024,fibers_NMR-URINE_URI_FIB01021_R8C2\n,440,Urine,PROF_URINE_NOESY,"usera2,FIB01021,usera3,FIBr02,usera4,fib632",D:\IVDrData\data
286,nmrsu,fibers_C1_URI_NMR-URINE@fEPP_FIBr02_FIBp024,fibers_NMR-URINE_URI_FIB01021_R8C2\n,441,Urine,PROF_URINE_JRES,"usera2,FIB01021,usera3,FIBr02,usera4,fib632",D:\IVDrData\data
286,nmrsu,fibers_C1_URI_NMR-URINE@fEPP_FIBr02_FIBp024,fibers_NMR-URINE_URI_FIB01021_R8C2\n,442,Urine,PROF_URINE_DAS,"usera2,FIB01021,usera3,FIBr02,usera4,fib632",D:\IVDrData\data
287,nmrsu,fibers_C1_URI_NMR-URINE@fEPP_FIBr02_FIBp024,fibers_NMR-URINE_URI_FIB01025_R8C3\n,450,Urine,PROF_URINE_NOESY,"usera2,FIB01025,usera3,FIBr02,usera4,fib634",D:\IVDrData\data
287,nmrsu,fibers_C1_URI_NMR-URINE@fEPP_FIBr02_FIBp024,fibers_NMR-URINE_URI_FIB01025_R8C3\n,451,Urine,PROF_URINE_JRES,"usera2,FIB01025,usera3,FIBr02,usera4,fib634",D:\IVDrData\data
287,nmrsu,fibers_C1_URI_NMR-URINE@fEPP_FIBr02_FIBp024,fibers_NMR-URINE_URI_FIB01025_R8C3\n,452,Urine,PROF_URINE_DAS,"usera2,FIB01025,usera3,FIBr02,usera4,fib634",D:\IVDrData\data
288,nmrsu,fibers_C1_URI_NMR-URINE@fEPP_FIBr02_FIBp024,fibers_NMR-URINE_URI_FIB01122_R8C4\n,460,Urine,PROF_URINE_NOESY,"usera2,FIB01122,usera3,FIBr02,usera4,fib634",D:\IVDrData\data
288,nmrsu,fibers_C1_URI_NMR-URINE@fEPP_FIBr02_FIBp024,fibers_NMR-URINE_URI_FIB01122_R8C4\n,461,Urine,PROF_URINE_JRES,"usera2,FIB01122,usera3,FIBr02,usera4,fib634",D:\IVDrData\data
288,nmrsu,fibers_C1_URI_NMR-URINE@fEPP_FIBr02_FIBp024,fibers_NMR-URINE_URI_FIB01122_R8C4\n,462,Urine,PROF_URINE_DAS,"usera2,FIB01122,usera3,FIBr02,usera4,fib634",D:\IVDrData\data
289,nmrsu,fibers_C1_URI_NMR-URINE@fEPP_FIBr02_FIBp024,fibers_NMR-URINE_URI_FIB01142_R8C5\n,470,Urine,PROF_URINE_NOESY,"usera2,FIB01142,usera3,FIBr02,usera4,fib659",D:\IVDrData\data
289,nmrsu,fibers_C1_URI_NMR-URINE@fEPP_FIBr02_FIBp024,fibers_NMR-URINE_URI_FIB01142_R8C5\n,471,Urine,PROF_URINE_JRES,"usera2,FIB01142,usera3,FIBr02,usera4,fib659",D:\IVDrData\data
289,nmrsu,fibers_C1_URI_NMR-URINE@fEPP_FIBr02_FIBp024,fibers_NMR-URINE_URI_FIB01142_R8C5\n,472,Urine,PROF_URINE_DAS,"usera2,FIB01142,usera3,FIBr02,usera4,fib659",D:\IVDrData\data
296,nmrsu,fibers_C1_URI_NMR-URINE@fEPP_FIBr02_FIBp024,fibers_NMR-URINE_URI_LTR_R8C12\n,480,Urine,PROF_URINE_NOESY,"usera2,LTR,usera3,FIBr02,usera4,URI",D:\IVDrData\data
296,nmrsu,fibers_C1_URI_NMR-URINE@fEPP_FIBr02_FIBp024,fibers_NMR-URINE_URI_LTR_R8C12\n,481,Urine,PROF_URINE_JRES,"usera2,LTR,usera3,FIBr02,usera4,URI",D:\IVDrData\data
296,nmrsu,fibers_C1_URI_NMR-URINE@fEPP_FIBr02_FIBp024,fibers_NMR-URINE_URI_LTR_R8C12\n,482,Urine,PROF_URINE_DAS,"usera2,LTR,usera3,FIBr02,usera4,URI",D:\IVDrData\data
RLL forgot 3 samples that where added manually in an untested stunt… beware,,,,,,,,
"Please complete the holders accordingly that corresponds to C6, D6 and E6",,,,,,,,
,nmrsu,fibers_C1_URI_NMR-URINE@fEPP_FIBr02_FIBp024,fibers_NMR-URINE_URI_LTR_R8C12\n,490,Urine,PROF_URINE_NOESY,"usera2,FIB01180,usera3,FIBr02,usera4,fib117",D:\IVDrData\data
,nmrsu,fibers_C1_URI_NMR-URINE@fEPP_FIBr02_FIBp024,fibers_NMR-URINE_URI_LTR_R8C12\n,491,Urine,PROF_URINE_JRES,"usera2,FIB01180,usera3,FIBr02,usera4,fib117",D:\IVDrData\data
,nmrsu,fibers_C1_URI_NMR-URINE@fEPP_FIBr02_FIBp024,fibers_NMR-URINE_URI_LTR_R8C12\n,492,Urine,PROF_URINE_DAS,"usera2,FIB01180,usera3,FIBr02,usera4,fib117",D:\IVDrData\data
,nmrsu,fibers_C1_URI_NMR-URINE@fEPP_FIBr02_FIBp024,fibers_NMR-URINE_URI_LTR_R8C12\n,500,Urine,PROF_URINE_NOESY,"usera2,FIB01181,usera3,FIBr02,usera4,fib579",D:\IVDrData\data
,nmrsu,fibers_C1_URI_NMR-URINE@fEPP_FIBr02_FIBp024,fibers_NMR-URINE_URI_LTR_R8C12\n,501,Urine,PROF_URINE_JRES,"usera2,FIB01181,usera3,FIBr02,usera4,fib579",D:\IVDrData\data
,nmrsu,fibers_C1_URI_NMR-URINE@fEPP_FIBr02_FIBp024,fibers_NMR-URINE_URI_LTR_R8C12\n,502,Urine,PROF_URINE_DAS,"usera2,FIB01181,usera3,FIBr02,usera4,fib579",D:\IVDrData\data
,nmrsu,fibers_C1_URI_NMR-URINE@fEPP_FIBr02_FIBp024,fibers_NMR-URINE_URI_LTR_R8C12\n,510,Urine,PROF_URINE_NOESY,"usera2,FIB01182,usera3,FIBr02,usera4,fib329",D:\IVDrData\data
,nmrsu,fibers_C1_URI_NMR-URINE@fEPP_FIBr02_FIBp024,fibers_NMR-URINE_URI_LTR_R8C12\n,511,Urine,PROF_URINE_JRES,"usera2,FIB01182,usera3,FIBr02,usera4,fib329",D:\IVDrData\data
,nmrsu,fibers_C1_URI_NMR-URINE@fEPP_FIBr02_FIBp024,fibers_NMR-URINE_URI_LTR_R8C12\n,512,Urine,PROF_URINE_DAS,"usera2,FIB01182,usera3,FIBr02,usera4,fib329",D:\IVDrData\data