"HOLDER","USER","NAME","TITLE","EXPNO","SOLVENT","EXPERIMENT","PARAMETERS","DISK"
301,"nmrsu","fibers_C1_PLA_NMR-PACS@fEPP_FIBr03_FIBp033","fibers_NMR-PACS_PLA_FIB00129_R1C1\n","10","Plasma","PROF_PLASMA_NOESY","usera2,FIB00129,usera3,FIBr03,usera4,fib284","D:\IVDrData\data"
301,"nmrsu","fibers_C1_PLA_NMR-PACS@fEPP_FIBr03_FIBp033","fibers_NMR-PACS_PLA_FIB00129_R1C1\n","11","Plasma","PROF_PLASMA_CPMG","usera2,FIB00129,usera3,FIBr03,usera4,fib284","D:\IVDrData\data"
301,"nmrsu","fibers_C1_PLA_NMR-PACS@fEPP_FIBr03_FIBp033","fibers_NMR-PACS_PLA_FIB00129_R1C1\n","12","Plasma","PROF_PLASMA_JRES","usera2,FIB00129,usera3,FIBr03,usera4,fib284","D:\IVDrData\data"
301,"nmrsu","fibers_C1_PLA_NMR-PACS@fEPP_FIBr03_FIBp033","fibers_NMR-PACS_PLA_FIB00129_R1C1\n","13","Plasma","PROF_PLASMA_PGPE","usera2,FIB00129,usera3,FIBr03,usera4,fib284","D:\IVDrData\data"
301,"nmrsu","fibers_C1_PLA_NMR-PACS@fEPP_FIBr03_FIBp033","fibers_NMR-PACS_PLA_FIB00129_R1C1\n","14","Plasma","PROF_PLASMA_DAS","usera2,FIB00129,usera3,FIBr03,usera4,fib284","D:\IVDrData\data"
302,"nmrsu","fibers_C1_PLA_NMR-PACS@fEPP_FIBr03_FIBp033","fibers_NMR-PACS_PLA_FIB00169_R1C2\n","20","Plasma","PROF_PLASMA_NOESY","usera2,FIB00169,usera3,FIBr03,usera4,fib284","D:\IVDrData\data"
302,"nmrsu","fibers_C1_PLA_NMR-PACS@fEPP_FIBr03_FIBp033","fibers_NMR-PACS_PLA_FIB00169_R1C2\n","21","Plasma","PROF_PLASMA_CPMG","usera2,FIB00169,usera3,FIBr03,usera4,fib284","D:\IVDrData\data"
302,"nmrsu","fibers_C1_PLA_NMR-PACS@fEPP_FIBr03_FIBp033","fibers_NMR-PACS_PLA_FIB00169_R1C2\n","22","Plasma","PROF_PLASMA_JRES","usera2,FIB00169,usera3,FIBr03,usera4,fib284","D:\IVDrData\data"
302,"nmrsu","fibers_C1_PLA_NMR-PACS@fEPP_FIBr03_FIBp033","fibers_NMR-PACS_PLA_FIB00169_R1C2\n","23","Plasma","PROF_PLASMA_PGPE","usera2,FIB00169,usera3,FIBr03,usera4,fib284","D:\IVDrData\data"
302,"nmrsu","fibers_C1_PLA_NMR-PACS@fEPP_FIBr03_FIBp033","fibers_NMR-PACS_PLA_FIB00169_R1C2\n","24","Plasma","PROF_PLASMA_DAS","usera2,FIB00169,usera3,FIBr03,usera4,fib284","D:\IVDrData\data"
303,"nmrsu","fibers_C1_PLA_NMR-PACS@fEPP_FIBr03_FIBp033","fibers_NMR-PACS_PLA_FIB00428_R1C3\n","30","Plasma","PROF_PLASMA_NOESY","usera2,FIB00428,usera3,FIBr03,usera4,fib284","D:\IVDrData\data"
303,"nmrsu","fibers_C1_PLA_NMR-PACS@fEPP_FIBr03_FIBp033","fibers_NMR-PACS_PLA_FIB00428_R1C3\n","31","Plasma","PROF_PLASMA_CPMG","usera2,FIB00428,usera3,FIBr03,usera4,fib284","D:\IVDrData\data"
303,"nmrsu","fibers_C1_PLA_NMR-PACS@fEPP_FIBr03_FIBp033","fibers_NMR-PACS_PLA_FIB00428_R1C3\n","32","Plasma","PROF_PLASMA_JRES","usera2,FIB00428,usera3,FIBr03,usera4,fib284","D:\IVDrData\data"
303,"nmrsu","fibers_C1_PLA_NMR-PACS@fEPP_FIBr03_FIBp033","fibers_NMR-PACS_PLA_FIB00428_R1C3\n","33","Plasma","PROF_PLASMA_PGPE","usera2,FIB00428,usera3,FIBr03,usera4,fib284","D:\IVDrData\data"
303,"nmrsu","fibers_C1_PLA_NMR-PACS@fEPP_FIBr03_FIBp033","fibers_NMR-PACS_PLA_FIB00428_R1C3\n","34","Plasma","PROF_PLASMA_DAS","usera2,FIB00428,usera3,FIBr03,usera4,fib284","D:\IVDrData\data"
304,"nmrsu","fibers_C1_PLA_NMR-PACS@fEPP_FIBr03_FIBp033","fibers_NMR-PACS_PLA_FIB00694_R1C4\n","40","Plasma","PROF_PLASMA_NOESY","usera2,FIB00694,usera3,FIBr03,usera4,fib284","D:\IVDrData\data"
304,"nmrsu","fibers_C1_PLA_NMR-PACS@fEPP_FIBr03_FIBp033","fibers_NMR-PACS_PLA_FIB00694_R1C4\n","41","Plasma","PROF_PLASMA_CPMG","usera2,FIB00694,usera3,FIBr03,usera4,fib284","D:\IVDrData\data"
304,"nmrsu","fibers_C1_PLA_NMR-PACS@fEPP_FIBr03_FIBp033","fibers_NMR-PACS_PLA_FIB00694_R1C4\n","42","Plasma","PROF_PLASMA_JRES","usera2,FIB00694,usera3,FIBr03,usera4,fib284","D:\IVDrData\data"
304,"nmrsu","fibers_C1_PLA_NMR-PACS@fEPP_FIBr03_FIBp033","fibers_NMR-PACS_PLA_FIB00694_R1C4\n","43","Plasma","PROF_PLASMA_PGPE","usera2,FIB00694,usera3,FIBr03,usera4,fib284","D:\IVDrData\data"
304,"nmrsu","fibers_C1_PLA_NMR-PACS@fEPP_FIBr03_FIBp033","fibers_NMR-PACS_PLA_FIB00694_R1C4\n","44","Plasma","PROF_PLASMA_DAS","usera2,FIB00694,usera3,FIBr03,usera4,fib284","D:\IVDrData\data"
306,"nmrsu","fibers_C1_PLA_NMR-PACS@fEPP_FIBr03_FIBp033","fibers_NMR-PACS_PLA_FIB00075_R1C6\n","50","Plasma","PROF_PLASMA_NOESY","usera2,FIB00075,usera3,FIBr03,usera4,fib293","D:\IVDrData\data"
306,"nmrsu","fibers_C1_PLA_NMR-PACS@fEPP_FIBr03_FIBp033","fibers_NMR-PACS_PLA_FIB00075_R1C6\n","51","Plasma","PROF_PLASMA_CPMG","usera2,FIB00075,usera3,FIBr03,usera4,fib293","D:\IVDrData\data"
306,"nmrsu","fibers_C1_PLA_NMR-PACS@fEPP_FIBr03_FIBp033","fibers_NMR-PACS_PLA_FIB00075_R1C6\n","52","Plasma","PROF_PLASMA_JRES","usera2,FIB00075,usera3,FIBr03,usera4,fib293","D:\IVDrData\data"
306,"nmrsu","fibers_C1_PLA_NMR-PACS@fEPP_FIBr03_FIBp033","fibers_NMR-PACS_PLA_FIB00075_R1C6\n","53","Plasma","PROF_PLASMA_PGPE","usera2,FIB00075,usera3,FIBr03,usera4,fib293","D:\IVDrData\data"
306,"nmrsu","fibers_C1_PLA_NMR-PACS@fEPP_FIBr03_FIBp033","fibers_NMR-PACS_PLA_FIB00075_R1C6\n","54","Plasma","PROF_PLASMA_DAS","usera2,FIB00075,usera3,FIBr03,usera4,fib293","D:\IVDrData\data"
313,"nmrsu","fibers_C1_PLA_NMR-PACS@fEPP_FIBr03_FIBp033","fibers_NMR-PACS_PLA_FIB00134_R2C1\n","60","Plasma","PROF_PLASMA_NOESY","usera2,FIB00134,usera3,FIBr03,usera4,fib284","D:\IVDrData\data"
313,"nmrsu","fibers_C1_PLA_NMR-PACS@fEPP_FIBr03_FIBp033","fibers_NMR-PACS_PLA_FIB00134_R2C1\n","61","Plasma","PROF_PLASMA_CPMG","usera2,FIB00134,usera3,FIBr03,usera4,fib284","D:\IVDrData\data"
313,"nmrsu","fibers_C1_PLA_NMR-PACS@fEPP_FIBr03_FIBp033","fibers_NMR-PACS_PLA_FIB00134_R2C1\n","62","Plasma","PROF_PLASMA_JRES","usera2,FIB00134,usera3,FIBr03,usera4,fib284","D:\IVDrData\data"
313,"nmrsu","fibers_C1_PLA_NMR-PACS@fEPP_FIBr03_FIBp033","fibers_NMR-PACS_PLA_FIB00134_R2C1\n","63","Plasma","PROF_PLASMA_PGPE","usera2,FIB00134,usera3,FIBr03,usera4,fib284","D:\IVDrData\data"
313,"nmrsu","fibers_C1_PLA_NMR-PACS@fEPP_FIBr03_FIBp033","fibers_NMR-PACS_PLA_FIB00134_R2C1\n","64","Plasma","PROF_PLASMA_DAS","usera2,FIB00134,usera3,FIBr03,usera4,fib284","D:\IVDrData\data"
314,"nmrsu","fibers_C1_PLA_NMR-PACS@fEPP_FIBr03_FIBp033","fibers_NMR-PACS_PLA_FIB00412_R2C2\n","70","Plasma","PROF_PLASMA_NOESY","usera2,FIB00412,usera3,FIBr03,usera4,fib284","D:\IVDrData\data"
314,"nmrsu","fibers_C1_PLA_NMR-PACS@fEPP_FIBr03_FIBp033","fibers_NMR-PACS_PLA_FIB00412_R2C2\n","71","Plasma","PROF_PLASMA_CPMG","usera2,FIB00412,usera3,FIBr03,usera4,fib284","D:\IVDrData\data"
314,"nmrsu","fibers_C1_PLA_NMR-PACS@fEPP_FIBr03_FIBp033","fibers_NMR-PACS_PLA_FIB00412_R2C2\n","72","Plasma","PROF_PLASMA_JRES","usera2,FIB00412,usera3,FIBr03,usera4,fib284","D:\IVDrData\data"
314,"nmrsu","fibers_C1_PLA_NMR-PACS@fEPP_FIBr03_FIBp033","fibers_NMR-PACS_PLA_FIB00412_R2C2\n","73","Plasma","PROF_PLASMA_PGPE","usera2,FIB00412,usera3,FIBr03,usera4,fib284","D:\IVDrData\data"
314,"nmrsu","fibers_C1_PLA_NMR-PACS@fEPP_FIBr03_FIBp033","fibers_NMR-PACS_PLA_FIB00412_R2C2\n","74","Plasma","PROF_PLASMA_DAS","usera2,FIB00412,usera3,FIBr03,usera4,fib284","D:\IVDrData\data"
315,"nmrsu","fibers_C1_PLA_NMR-PACS@fEPP_FIBr03_FIBp033","fibers_NMR-PACS_PLA_SLTR_R2C3\n","80","Plasma","PROF_PLASMA_NOESY","usera2,SLTR,usera3,FIBr03,usera4,PLA","D:\IVDrData\data"
315,"nmrsu","fibers_C1_PLA_NMR-PACS@fEPP_FIBr03_FIBp033","fibers_NMR-PACS_PLA_SLTR_R2C3\n","81","Plasma","PROF_PLASMA_CPMG","usera2,SLTR,usera3,FIBr03,usera4,PLA","D:\IVDrData\data"
315,"nmrsu","fibers_C1_PLA_NMR-PACS@fEPP_FIBr03_FIBp033","fibers_NMR-PACS_PLA_SLTR_R2C3\n","82","Plasma","PROF_PLASMA_JRES","usera2,SLTR,usera3,FIBr03,usera4,PLA","D:\IVDrData\data"
315,"nmrsu","fibers_C1_PLA_NMR-PACS@fEPP_FIBr03_FIBp033","fibers_NMR-PACS_PLA_SLTR_R2C3\n","83","Plasma","PROF_PLASMA_PGPE","usera2,SLTR,usera3,FIBr03,usera4,PLA","D:\IVDrData\data"
315,"nmrsu","fibers_C1_PLA_NMR-PACS@fEPP_FIBr03_FIBp033","fibers_NMR-PACS_PLA_SLTR_R2C3\n","84","Plasma","PROF_PLASMA_DAS","usera2,SLTR,usera3,FIBr03,usera4,PLA","D:\IVDrData\data"
316,"nmrsu","fibers_C1_PLA_NMR-PACS@fEPP_FIBr03_FIBp033","fibers_NMR-PACS_PLA_FIB00699_R2C4\n","90","Plasma","PROF_PLASMA_NOESY","usera2,FIB00699,usera3,FIBr03,usera4,fib284","D:\IVDrData\data"
316,"nmrsu","fibers_C1_PLA_NMR-PACS@fEPP_FIBr03_FIBp033","fibers_NMR-PACS_PLA_FIB00699_R2C4\n","91","Plasma","PROF_PLASMA_CPMG","usera2,FIB00699,usera3,FIBr03,usera4,fib284","D:\IVDrData\data"
316,"nmrsu","fibers_C1_PLA_NMR-PACS@fEPP_FIBr03_FIBp033","fibers_NMR-PACS_PLA_FIB00699_R2C4\n","92","Plasma","PROF_PLASMA_JRES","usera2,FIB00699,usera3,FIBr03,usera4,fib284","D:\IVDrData\data"
316,"nmrsu","fibers_C1_PLA_NMR-PACS@fEPP_FIBr03_FIBp033","fibers_NMR-PACS_PLA_FIB00699_R2C4\n","93","Plasma","PROF_PLASMA_PGPE","usera2,FIB00699,usera3,FIBr03,usera4,fib284","D:\IVDrData\data"
316,"nmrsu","fibers_C1_PLA_NMR-PACS@fEPP_FIBr03_FIBp033","fibers_NMR-PACS_PLA_FIB00699_R2C4\n","94","Plasma","PROF_PLASMA_DAS","usera2,FIB00699,usera3,FIBr03,usera4,fib284","D:\IVDrData\data"
318,"nmrsu","fibers_C1_PLA_NMR-PACS@fEPP_FIBr03_FIBp033","fibers_NMR-PACS_PLA_FIB00079_R2C6\n","100","Plasma","PROF_PLASMA_NOESY","usera2,FIB00079,usera3,FIBr03,usera4,fib293","D:\IVDrData\data"
318,"nmrsu","fibers_C1_PLA_NMR-PACS@fEPP_FIBr03_FIBp033","fibers_NMR-PACS_PLA_FIB00079_R2C6\n","101","Plasma","PROF_PLASMA_CPMG","usera2,FIB00079,usera3,FIBr03,usera4,fib293","D:\IVDrData\data"
318,"nmrsu","fibers_C1_PLA_NMR-PACS@fEPP_FIBr03_FIBp033","fibers_NMR-PACS_PLA_FIB00079_R2C6\n","102","Plasma","PROF_PLASMA_JRES","usera2,FIB00079,usera3,FIBr03,usera4,fib293","D:\IVDrData\data"
318,"nmrsu","fibers_C1_PLA_NMR-PACS@fEPP_FIBr03_FIBp033","fibers_NMR-PACS_PLA_FIB00079_R2C6\n","103","Plasma","PROF_PLASMA_PGPE","usera2,FIB00079,usera3,FIBr03,usera4,fib293","D:\IVDrData\data"
318,"nmrsu","fibers_C1_PLA_NMR-PACS@fEPP_FIBr03_FIBp033","fibers_NMR-PACS_PLA_FIB00079_R2C6\n","104","Plasma","PROF_PLASMA_DAS","usera2,FIB00079,usera3,FIBr03,usera4,fib293","D:\IVDrData\data"
320,"nmrsu","fibers_C1_PLA_NMR-PACS@fEPP_FIBr03_FIBp033","fibers_NMR-PACS_PLA_SLTR_R2C8\n","110","Plasma","PROF_PLASMA_NOESY","usera2,SLTR,usera3,FIBr03,usera4,PLA","D:\IVDrData\data"
320,"nmrsu","fibers_C1_PLA_NMR-PACS@fEPP_FIBr03_FIBp033","fibers_NMR-PACS_PLA_SLTR_R2C8\n","111","Plasma","PROF_PLASMA_CPMG","usera2,SLTR,usera3,FIBr03,usera4,PLA","D:\IVDrData\data"
320,"nmrsu","fibers_C1_PLA_NMR-PACS@fEPP_FIBr03_FIBp033","fibers_NMR-PACS_PLA_SLTR_R2C8\n","112","Plasma","PROF_PLASMA_JRES","usera2,SLTR,usera3,FIBr03,usera4,PLA","D:\IVDrData\data"
320,"nmrsu","fibers_C1_PLA_NMR-PACS@fEPP_FIBr03_FIBp033","fibers_NMR-PACS_PLA_SLTR_R2C8\n","113","Plasma","PROF_PLASMA_PGPE","usera2,SLTR,usera3,FIBr03,usera4,PLA","D:\IVDrData\data"
320,"nmrsu","fibers_C1_PLA_NMR-PACS@fEPP_FIBr03_FIBp033","fibers_NMR-PACS_PLA_SLTR_R2C8\n","114","Plasma","PROF_PLASMA_DAS","usera2,SLTR,usera3,FIBr03,usera4,PLA","D:\IVDrData\data"
324,"nmrsu","fibers_C1_PLA_NMR-PACS@fEPP_FIBr03_FIBp033","fibers_NMR-PACS_PLA_LTR_R2C12\n","120","Plasma","PROF_PLASMA_NOESY","usera2,LTR,usera3,FIBr03,usera4,PLA","D:\IVDrData\data"
324,"nmrsu","fibers_C1_PLA_NMR-PACS@fEPP_FIBr03_FIBp033","fibers_NMR-PACS_PLA_LTR_R2C12\n","121","Plasma","PROF_PLASMA_CPMG","usera2,LTR,usera3,FIBr03,usera4,PLA","D:\IVDrData\data"
324,"nmrsu","fibers_C1_PLA_NMR-PACS@fEPP_FIBr03_FIBp033","fibers_NMR-PACS_PLA_LTR_R2C12\n","122","Plasma","PROF_PLASMA_JRES","usera2,LTR,usera3,FIBr03,usera4,PLA","D:\IVDrData\data"
324,"nmrsu","fibers_C1_PLA_NMR-PACS@fEPP_FIBr03_FIBp033","fibers_NMR-PACS_PLA_LTR_R2C12\n","123","Plasma","PROF_PLASMA_PGPE","usera2,LTR,usera3,FIBr03,usera4,PLA","D:\IVDrData\data"
324,"nmrsu","fibers_C1_PLA_NMR-PACS@fEPP_FIBr03_FIBp033","fibers_NMR-PACS_PLA_LTR_R2C12\n","124","Plasma","PROF_PLASMA_DAS","usera2,LTR,usera3,FIBr03,usera4,PLA","D:\IVDrData\data"
325,"nmrsu","fibers_C1_PLA_NMR-PACS@fEPP_FIBr03_FIBp033","fibers_NMR-PACS_PLA_FIB00139_R3C1\n","130","Plasma","PROF_PLASMA_NOESY","usera2,FIB00139,usera3,FIBr03,usera4,fib284","D:\IVDrData\data"
325,"nmrsu","fibers_C1_PLA_NMR-PACS@fEPP_FIBr03_FIBp033","fibers_NMR-PACS_PLA_FIB00139_R3C1\n","131","Plasma","PROF_PLASMA_CPMG","usera2,FIB00139,usera3,FIBr03,usera4,fib284","D:\IVDrData\data"
325,"nmrsu","fibers_C1_PLA_NMR-PACS@fEPP_FIBr03_FIBp033","fibers_NMR-PACS_PLA_FIB00139_R3C1\n","132","Plasma","PROF_PLASMA_JRES","usera2,FIB00139,usera3,FIBr03,usera4,fib284","D:\IVDrData\data"
325,"nmrsu","fibers_C1_PLA_NMR-PACS@fEPP_FIBr03_FIBp033","fibers_NMR-PACS_PLA_FIB00139_R3C1\n","133","Plasma","PROF_PLASMA_PGPE","usera2,FIB00139,usera3,FIBr03,usera4,fib284","D:\IVDrData\data"
325,"nmrsu","fibers_C1_PLA_NMR-PACS@fEPP_FIBr03_FIBp033","fibers_NMR-PACS_PLA_FIB00139_R3C1\n","134","Plasma","PROF_PLASMA_DAS","usera2,FIB00139,usera3,FIBr03,usera4,fib284","D:\IVDrData\data"
326,"nmrsu","fibers_C1_PLA_NMR-PACS@fEPP_FIBr03_FIBp033","fibers_NMR-PACS_PLA_FIB00413_R3C2\n","140","Plasma","PROF_PLASMA_NOESY","usera2,FIB00413,usera3,FIBr03,usera4,fib284","D:\IVDrData\data"
326,"nmrsu","fibers_C1_PLA_NMR-PACS@fEPP_FIBr03_FIBp033","fibers_NMR-PACS_PLA_FIB00413_R3C2\n","141","Plasma","PROF_PLASMA_CPMG","usera2,FIB00413,usera3,FIBr03,usera4,fib284","D:\IVDrData\data"
326,"nmrsu","fibers_C1_PLA_NMR-PACS@fEPP_FIBr03_FIBp033","fibers_NMR-PACS_PLA_FIB00413_R3C2\n","142","Plasma","PROF_PLASMA_JRES","usera2,FIB00413,usera3,FIBr03,usera4,fib284","D:\IVDrData\data"
326,"nmrsu","fibers_C1_PLA_NMR-PACS@fEPP_FIBr03_FIBp033","fibers_NMR-PACS_PLA_FIB00413_R3C2\n","143","Plasma","PROF_PLASMA_PGPE","usera2,FIB00413,usera3,FIBr03,usera4,fib284","D:\IVDrData\data"
326,"nmrsu","fibers_C1_PLA_NMR-PACS@fEPP_FIBr03_FIBp033","fibers_NMR-PACS_PLA_FIB00413_R3C2\n","144","Plasma","PROF_PLASMA_DAS","usera2,FIB00413,usera3,FIBr03,usera4,fib284","D:\IVDrData\data"
327,"nmrsu","fibers_C1_PLA_NMR-PACS@fEPP_FIBr03_FIBp033","fibers_NMR-PACS_PLA_FIB00429_R3C3\n","150","Plasma","PROF_PLASMA_NOESY","usera2,FIB00429,usera3,FIBr03,usera4,fib284","D:\IVDrData\data"
327,"nmrsu","fibers_C1_PLA_NMR-PACS@fEPP_FIBr03_FIBp033","fibers_NMR-PACS_PLA_FIB00429_R3C3\n","151","Plasma","PROF_PLASMA_CPMG","usera2,FIB00429,usera3,FIBr03,usera4,fib284","D:\IVDrData\data"
327,"nmrsu","fibers_C1_PLA_NMR-PACS@fEPP_FIBr03_FIBp033","fibers_NMR-PACS_PLA_FIB00429_R3C3\n","152","Plasma","PROF_PLASMA_JRES","usera2,FIB00429,usera3,FIBr03,usera4,fib284","D:\IVDrData\data"
327,"nmrsu","fibers_C1_PLA_NMR-PACS@fEPP_FIBr03_FIBp033","fibers_NMR-PACS_PLA_FIB00429_R3C3\n","153","Plasma","PROF_PLASMA_PGPE","usera2,FIB00429,usera3,FIBr03,usera4,fib284","D:\IVDrData\data"
327,"nmrsu","fibers_C1_PLA_NMR-PACS@fEPP_FIBr03_FIBp033","fibers_NMR-PACS_PLA_FIB00429_R3C3\n","154","Plasma","PROF_PLASMA_DAS","usera2,FIB00429,usera3,FIBr03,usera4,fib284","D:\IVDrData\data"
328,"nmrsu","fibers_C1_PLA_NMR-PACS@fEPP_FIBr03_FIBp033","fibers_NMR-PACS_PLA_FIB00704_R3C4\n","160","Plasma","PROF_PLASMA_NOESY","usera2,FIB00704,usera3,FIBr03,usera4,fib284","D:\IVDrData\data"
328,"nmrsu","fibers_C1_PLA_NMR-PACS@fEPP_FIBr03_FIBp033","fibers_NMR-PACS_PLA_FIB00704_R3C4\n","161","Plasma","PROF_PLASMA_CPMG","usera2,FIB00704,usera3,FIBr03,usera4,fib284","D:\IVDrData\data"
328,"nmrsu","fibers_C1_PLA_NMR-PACS@fEPP_FIBr03_FIBp033","fibers_NMR-PACS_PLA_FIB00704_R3C4\n","162","Plasma","PROF_PLASMA_JRES","usera2,FIB00704,usera3,FIBr03,usera4,fib284","D:\IVDrData\data"
328,"nmrsu","fibers_C1_PLA_NMR-PACS@fEPP_FIBr03_FIBp033","fibers_NMR-PACS_PLA_FIB00704_R3C4\n","163","Plasma","PROF_PLASMA_PGPE","usera2,FIB00704,usera3,FIBr03,usera4,fib284","D:\IVDrData\data"
328,"nmrsu","fibers_C1_PLA_NMR-PACS@fEPP_FIBr03_FIBp033","fibers_NMR-PACS_PLA_FIB00704_R3C4\n","164","Plasma","PROF_PLASMA_DAS","usera2,FIB00704,usera3,FIBr03,usera4,fib284","D:\IVDrData\data"
330,"nmrsu","fibers_C1_PLA_NMR-PACS@fEPP_FIBr03_FIBp033","fibers_NMR-PACS_PLA_FIB00083_R3C6\n","170","Plasma","PROF_PLASMA_NOESY","usera2,FIB00083,usera3,FIBr03,usera4,fib293","D:\IVDrData\data"
330,"nmrsu","fibers_C1_PLA_NMR-PACS@fEPP_FIBr03_FIBp033","fibers_NMR-PACS_PLA_FIB00083_R3C6\n","171","Plasma","PROF_PLASMA_CPMG","usera2,FIB00083,usera3,FIBr03,usera4,fib293","D:\IVDrData\data"
330,"nmrsu","fibers_C1_PLA_NMR-PACS@fEPP_FIBr03_FIBp033","fibers_NMR-PACS_PLA_FIB00083_R3C6\n","172","Plasma","PROF_PLASMA_JRES","usera2,FIB00083,usera3,FIBr03,usera4,fib293","D:\IVDrData\data"
330,"nmrsu","fibers_C1_PLA_NMR-PACS@fEPP_FIBr03_FIBp033","fibers_NMR-PACS_PLA_FIB00083_R3C6\n","173","Plasma","PROF_PLASMA_PGPE","usera2,FIB00083,usera3,FIBr03,usera4,fib293","D:\IVDrData\data"
330,"nmrsu","fibers_C1_PLA_NMR-PACS@fEPP_FIBr03_FIBp033","fibers_NMR-PACS_PLA_FIB00083_R3C6\n","174","Plasma","PROF_PLASMA_DAS","usera2,FIB00083,usera3,FIBr03,usera4,fib293","D:\IVDrData\data"
337,"nmrsu","fibers_C1_PLA_NMR-PACS@fEPP_FIBr03_FIBp033","fibers_NMR-PACS_PLA_FIB00144_R4C1\n","180","Plasma","PROF_PLASMA_NOESY","usera2,FIB00144,usera3,FIBr03,usera4,fib284","D:\IVDrData\data"
337,"nmrsu","fibers_C1_PLA_NMR-PACS@fEPP_FIBr03_FIBp033","fibers_NMR-PACS_PLA_FIB00144_R4C1\n","181","Plasma","PROF_PLASMA_CPMG","usera2,FIB00144,usera3,FIBr03,usera4,fib284","D:\IVDrData\data"
337,"nmrsu","fibers_C1_PLA_NMR-PACS@fEPP_FIBr03_FIBp033","fibers_NMR-PACS_PLA_FIB00144_R4C1\n","182","Plasma","PROF_PLASMA_JRES","usera2,FIB00144,usera3,FIBr03,usera4,fib284","D:\IVDrData\data"
337,"nmrsu","fibers_C1_PLA_NMR-PACS@fEPP_FIBr03_FIBp033","fibers_NMR-PACS_PLA_FIB00144_R4C1\n","183","Plasma","PROF_PLASMA_PGPE","usera2,FIB00144,usera3,FIBr03,usera4,fib284","D:\IVDrData\data"
337,"nmrsu","fibers_C1_PLA_NMR-PACS@fEPP_FIBr03_FIBp033","fibers_NMR-PACS_PLA_FIB00144_R4C1\n","184","Plasma","PROF_PLASMA_DAS","usera2,FIB00144,usera3,FIBr03,usera4,fib284","D:\IVDrData\data"
338,"nmrsu","fibers_C1_PLA_NMR-PACS@fEPP_FIBr03_FIBp033","fibers_NMR-PACS_PLA_FIB00414_R4C2\n","190","Plasma","PROF_PLASMA_NOESY","usera2,FIB00414,usera3,FIBr03,usera4,fib284","D:\IVDrData\data"
338,"nmrsu","fibers_C1_PLA_NMR-PACS@fEPP_FIBr03_FIBp033","fibers_NMR-PACS_PLA_FIB00414_R4C2\n","191","Plasma","PROF_PLASMA_CPMG","usera2,FIB00414,usera3,FIBr03,usera4,fib284","D:\IVDrData\data"
338,"nmrsu","fibers_C1_PLA_NMR-PACS@fEPP_FIBr03_FIBp033","fibers_NMR-PACS_PLA_FIB00414_R4C2\n","192","Plasma","PROF_PLASMA_JRES","usera2,FIB00414,usera3,FIBr03,usera4,fib284","D:\IVDrData\data"
338,"nmrsu","fibers_C1_PLA_NMR-PACS@fEPP_FIBr03_FIBp033","fibers_NMR-PACS_PLA_FIB00414_R4C2\n","193","Plasma","PROF_PLASMA_PGPE","usera2,FIB00414,usera3,FIBr03,usera4,fib284","D:\IVDrData\data"
338,"nmrsu","fibers_C1_PLA_NMR-PACS@fEPP_FIBr03_FIBp033","fibers_NMR-PACS_PLA_FIB00414_R4C2\n","194","Plasma","PROF_PLASMA_DAS","usera2,FIB00414,usera3,FIBr03,usera4,fib284","D:\IVDrData\data"
339,"nmrsu","fibers_C1_PLA_NMR-PACS@fEPP_FIBr03_FIBp033","fibers_NMR-PACS_PLA_FIB00674_R4C3\n","200","Plasma","PROF_PLASMA_NOESY","usera2,FIB00674,usera3,FIBr03,usera4,fib284","D:\IVDrData\data"
339,"nmrsu","fibers_C1_PLA_NMR-PACS@fEPP_FIBr03_FIBp033","fibers_NMR-PACS_PLA_FIB00674_R4C3\n","201","Plasma","PROF_PLASMA_CPMG","usera2,FIB00674,usera3,FIBr03,usera4,fib284","D:\IVDrData\data"
339,"nmrsu","fibers_C1_PLA_NMR-PACS@fEPP_FIBr03_FIBp033","fibers_NMR-PACS_PLA_FIB00674_R4C3\n","202","Plasma","PROF_PLASMA_JRES","usera2,FIB00674,usera3,FIBr03,usera4,fib284","D:\IVDrData\data"
339,"nmrsu","fibers_C1_PLA_NMR-PACS@fEPP_FIBr03_FIBp033","fibers_NMR-PACS_PLA_FIB00674_R4C3\n","203","Plasma","PROF_PLASMA_PGPE","usera2,FIB00674,usera3,FIBr03,usera4,fib284","D:\IVDrData\data"
339,"nmrsu","fibers_C1_PLA_NMR-PACS@fEPP_FIBr03_FIBp033","fibers_NMR-PACS_PLA_FIB00674_R4C3\n","204","Plasma","PROF_PLASMA_DAS","usera2,FIB00674,usera3,FIBr03,usera4,fib284","D:\IVDrData\data"
340,"nmrsu","fibers_C1_PLA_NMR-PACS@fEPP_FIBr03_FIBp033","fibers_NMR-PACS_PLA_FIB00709_R4C4\n","210","Plasma","PROF_PLASMA_NOESY","usera2,FIB00709,usera3,FIBr03,usera4,fib284","D:\IVDrData\data"
340,"nmrsu","fibers_C1_PLA_NMR-PACS@fEPP_FIBr03_FIBp033","fibers_NMR-PACS_PLA_FIB00709_R4C4\n","211","Plasma","PROF_PLASMA_CPMG","usera2,FIB00709,usera3,FIBr03,usera4,fib284","D:\IVDrData\data"
340,"nmrsu","fibers_C1_PLA_NMR-PACS@fEPP_FIBr03_FIBp033","fibers_NMR-PACS_PLA_FIB00709_R4C4\n","212","Plasma","PROF_PLASMA_JRES","usera2,FIB00709,usera3,FIBr03,usera4,fib284","D:\IVDrData\data"
340,"nmrsu","fibers_C1_PLA_NMR-PACS@fEPP_FIBr03_FIBp033","fibers_NMR-PACS_PLA_FIB00709_R4C4\n","213","Plasma","PROF_PLASMA_PGPE","usera2,FIB00709,usera3,FIBr03,usera4,fib284","D:\IVDrData\data"
340,"nmrsu","fibers_C1_PLA_NMR-PACS@fEPP_FIBr03_FIBp033","fibers_NMR-PACS_PLA_FIB00709_R4C4\n","214","Plasma","PROF_PLASMA_DAS","usera2,FIB00709,usera3,FIBr03,usera4,fib284","D:\IVDrData\data"
342,"nmrsu","fibers_C1_PLA_NMR-PACS@fEPP_FIBr03_FIBp033","fibers_NMR-PACS_PLA_FIB00087_R4C6\n","220","Plasma","PROF_PLASMA_NOESY","usera2,FIB00087,usera3,FIBr03,usera4,fib293","D:\IVDrData\data"
342,"nmrsu","fibers_C1_PLA_NMR-PACS@fEPP_FIBr03_FIBp033","fibers_NMR-PACS_PLA_FIB00087_R4C6\n","221","Plasma","PROF_PLASMA_CPMG","usera2,FIB00087,usera3,FIBr03,usera4,fib293","D:\IVDrData\data"
342,"nmrsu","fibers_C1_PLA_NMR-PACS@fEPP_FIBr03_FIBp033","fibers_NMR-PACS_PLA_FIB00087_R4C6\n","222","Plasma","PROF_PLASMA_JRES","usera2,FIB00087,usera3,FIBr03,usera4,fib293","D:\IVDrData\data"
342,"nmrsu","fibers_C1_PLA_NMR-PACS@fEPP_FIBr03_FIBp033","fibers_NMR-PACS_PLA_FIB00087_R4C6\n","223","Plasma","PROF_PLASMA_PGPE","usera2,FIB00087,usera3,FIBr03,usera4,fib293","D:\IVDrData\data"
342,"nmrsu","fibers_C1_PLA_NMR-PACS@fEPP_FIBr03_FIBp033","fibers_NMR-PACS_PLA_FIB00087_R4C6\n","224","Plasma","PROF_PLASMA_DAS","usera2,FIB00087,usera3,FIBr03,usera4,fib293","D:\IVDrData\data"
348,"nmrsu","fibers_C1_PLA_NMR-PACS@fEPP_FIBr03_FIBp033","fibers_NMR-PACS_PLA_LTR_R4C12\n","230","Plasma","PROF_PLASMA_NOESY","usera2,LTR,usera3,FIBr03,usera4,PLA","D:\IVDrData\data"
348,"nmrsu","fibers_C1_PLA_NMR-PACS@fEPP_FIBr03_FIBp033","fibers_NMR-PACS_PLA_LTR_R4C12\n","231","Plasma","PROF_PLASMA_CPMG","usera2,LTR,usera3,FIBr03,usera4,PLA","D:\IVDrData\data"
348,"nmrsu","fibers_C1_PLA_NMR-PACS@fEPP_FIBr03_FIBp033","fibers_NMR-PACS_PLA_LTR_R4C12\n","232","Plasma","PROF_PLASMA_JRES","usera2,LTR,usera3,FIBr03,usera4,PLA","D:\IVDrData\data"
348,"nmrsu","fibers_C1_PLA_NMR-PACS@fEPP_FIBr03_FIBp033","fibers_NMR-PACS_PLA_LTR_R4C12\n","233","Plasma","PROF_PLASMA_PGPE","usera2,LTR,usera3,FIBr03,usera4,PLA","D:\IVDrData\data"
348,"nmrsu","fibers_C1_PLA_NMR-PACS@fEPP_FIBr03_FIBp033","fibers_NMR-PACS_PLA_LTR_R4C12\n","234","Plasma","PROF_PLASMA_DAS","usera2,LTR,usera3,FIBr03,usera4,PLA","D:\IVDrData\data"
349,"nmrsu","fibers_C1_PLA_NMR-PACS@fEPP_FIBr03_FIBp033","fibers_NMR-PACS_PLA_FIB00149_R5C1\n","240","Plasma","PROF_PLASMA_NOESY","usera2,FIB00149,usera3,FIBr03,usera4,fib284","D:\IVDrData\data"
349,"nmrsu","fibers_C1_PLA_NMR-PACS@fEPP_FIBr03_FIBp033","fibers_NMR-PACS_PLA_FIB00149_R5C1\n","241","Plasma","PROF_PLASMA_CPMG","usera2,FIB00149,usera3,FIBr03,usera4,fib284","D:\IVDrData\data"
349,"nmrsu","fibers_C1_PLA_NMR-PACS@fEPP_FIBr03_FIBp033","fibers_NMR-PACS_PLA_FIB00149_R5C1\n","242","Plasma","PROF_PLASMA_JRES","usera2,FIB00149,usera3,FIBr03,usera4,fib284","D:\IVDrData\data"
349,"nmrsu","fibers_C1_PLA_NMR-PACS@fEPP_FIBr03_FIBp033","fibers_NMR-PACS_PLA_FIB00149_R5C1\n","243","Plasma","PROF_PLASMA_PGPE","usera2,FIB00149,usera3,FIBr03,usera4,fib284","D:\IVDrData\data"
349,"nmrsu","fibers_C1_PLA_NMR-PACS@fEPP_FIBr03_FIBp033","fibers_NMR-PACS_PLA_FIB00149_R5C1\n","244","Plasma","PROF_PLASMA_DAS","usera2,FIB00149,usera3,FIBr03,usera4,fib284","D:\IVDrData\data"
350,"nmrsu","fibers_C1_PLA_NMR-PACS@fEPP_FIBr03_FIBp033","fibers_NMR-PACS_PLA_FIB00415_R5C2\n","250","Plasma","PROF_PLASMA_NOESY","usera2,FIB00415,usera3,FIBr03,usera4,fib284","D:\IVDrData\data"
350,"nmrsu","fibers_C1_PLA_NMR-PACS@fEPP_FIBr03_FIBp033","fibers_NMR-PACS_PLA_FIB00415_R5C2\n","251","Plasma","PROF_PLASMA_CPMG","usera2,FIB00415,usera3,FIBr03,usera4,fib284","D:\IVDrData\data"
350,"nmrsu","fibers_C1_PLA_NMR-PACS@fEPP_FIBr03_FIBp033","fibers_NMR-PACS_PLA_FIB00415_R5C2\n","252","Plasma","PROF_PLASMA_JRES","usera2,FIB00415,usera3,FIBr03,usera4,fib284","D:\IVDrData\data"
350,"nmrsu","fibers_C1_PLA_NMR-PACS@fEPP_FIBr03_FIBp033","fibers_NMR-PACS_PLA_FIB00415_R5C2\n","253","Plasma","PROF_PLASMA_PGPE","usera2,FIB00415,usera3,FIBr03,usera4,fib284","D:\IVDrData\data"
350,"nmrsu","fibers_C1_PLA_NMR-PACS@fEPP_FIBr03_FIBp033","fibers_NMR-PACS_PLA_FIB00415_R5C2\n","254","Plasma","PROF_PLASMA_DAS","usera2,FIB00415,usera3,FIBr03,usera4,fib284","D:\IVDrData\data"
351,"nmrsu","fibers_C1_PLA_NMR-PACS@fEPP_FIBr03_FIBp033","fibers_NMR-PACS_PLA_FIB00679_R5C3\n","260","Plasma","PROF_PLASMA_NOESY","usera2,FIB00679,usera3,FIBr03,usera4,fib284","D:\IVDrData\data"
351,"nmrsu","fibers_C1_PLA_NMR-PACS@fEPP_FIBr03_FIBp033","fibers_NMR-PACS_PLA_FIB00679_R5C3\n","261","Plasma","PROF_PLASMA_CPMG","usera2,FIB00679,usera3,FIBr03,usera4,fib284","D:\IVDrData\data"
351,"nmrsu","fibers_C1_PLA_NMR-PACS@fEPP_FIBr03_FIBp033","fibers_NMR-PACS_PLA_FIB00679_R5C3\n","262","Plasma","PROF_PLASMA_JRES","usera2,FIB00679,usera3,FIBr03,usera4,fib284","D:\IVDrData\data"
351,"nmrsu","fibers_C1_PLA_NMR-PACS@fEPP_FIBr03_FIBp033","fibers_NMR-PACS_PLA_FIB00679_R5C3\n","263","Plasma","PROF_PLASMA_PGPE","usera2,FIB00679,usera3,FIBr03,usera4,fib284","D:\IVDrData\data"
351,"nmrsu","fibers_C1_PLA_NMR-PACS@fEPP_FIBr03_FIBp033","fibers_NMR-PACS_PLA_FIB00679_R5C3\n","264","Plasma","PROF_PLASMA_DAS","usera2,FIB00679,usera3,FIBr03,usera4,fib284","D:\IVDrData\data"
352,"nmrsu","fibers_C1_PLA_NMR-PACS@fEPP_FIBr03_FIBp033","fibers_NMR-PACS_PLA_FIB00714_R5C4\n","270","Plasma","PROF_PLASMA_NOESY","usera2,FIB00714,usera3,FIBr03,usera4,fib284","D:\IVDrData\data"
352,"nmrsu","fibers_C1_PLA_NMR-PACS@fEPP_FIBr03_FIBp033","fibers_NMR-PACS_PLA_FIB00714_R5C4\n","271","Plasma","PROF_PLASMA_CPMG","usera2,FIB00714,usera3,FIBr03,usera4,fib284","D:\IVDrData\data"
352,"nmrsu","fibers_C1_PLA_NMR-PACS@fEPP_FIBr03_FIBp033","fibers_NMR-PACS_PLA_FIB00714_R5C4\n","272","Plasma","PROF_PLASMA_JRES","usera2,FIB00714,usera3,FIBr03,usera4,fib284","D:\IVDrData\data"
352,"nmrsu","fibers_C1_PLA_NMR-PACS@fEPP_FIBr03_FIBp033","fibers_NMR-PACS_PLA_FIB00714_R5C4\n","273","Plasma","PROF_PLASMA_PGPE","usera2,FIB00714,usera3,FIBr03,usera4,fib284","D:\IVDrData\data"
352,"nmrsu","fibers_C1_PLA_NMR-PACS@fEPP_FIBr03_FIBp033","fibers_NMR-PACS_PLA_FIB00714_R5C4\n","274","Plasma","PROF_PLASMA_DAS","usera2,FIB00714,usera3,FIBr03,usera4,fib284","D:\IVDrData\data"
354,"nmrsu","fibers_C1_PLA_NMR-PACS@fEPP_FIBr03_FIBp033","fibers_NMR-PACS_PLA_FIB00091_R5C6\n","280","Plasma","PROF_PLASMA_NOESY","usera2,FIB00091,usera3,FIBr03,usera4,fib293","D:\IVDrData\data"
354,"nmrsu","fibers_C1_PLA_NMR-PACS@fEPP_FIBr03_FIBp033","fibers_NMR-PACS_PLA_FIB00091_R5C6\n","281","Plasma","PROF_PLASMA_CPMG","usera2,FIB00091,usera3,FIBr03,usera4,fib293","D:\IVDrData\data"
354,"nmrsu","fibers_C1_PLA_NMR-PACS@fEPP_FIBr03_FIBp033","fibers_NMR-PACS_PLA_FIB00091_R5C6\n","282","Plasma","PROF_PLASMA_JRES","usera2,FIB00091,usera3,FIBr03,usera4,fib293","D:\IVDrData\data"
354,"nmrsu","fibers_C1_PLA_NMR-PACS@fEPP_FIBr03_FIBp033","fibers_NMR-PACS_PLA_FIB00091_R5C6\n","283","Plasma","PROF_PLASMA_PGPE","usera2,FIB00091,usera3,FIBr03,usera4,fib293","D:\IVDrData\data"
354,"nmrsu","fibers_C1_PLA_NMR-PACS@fEPP_FIBr03_FIBp033","fibers_NMR-PACS_PLA_FIB00091_R5C6\n","284","Plasma","PROF_PLASMA_DAS","usera2,FIB00091,usera3,FIBr03,usera4,fib293","D:\IVDrData\data"
361,"nmrsu","fibers_C1_PLA_NMR-PACS@fEPP_FIBr03_FIBp033","fibers_NMR-PACS_PLA_FIB00154_R6C1\n","290","Plasma","PROF_PLASMA_NOESY","usera2,FIB00154,usera3,FIBr03,usera4,fib284","D:\IVDrData\data"
361,"nmrsu","fibers_C1_PLA_NMR-PACS@fEPP_FIBr03_FIBp033","fibers_NMR-PACS_PLA_FIB00154_R6C1\n","291","Plasma","PROF_PLASMA_CPMG","usera2,FIB00154,usera3,FIBr03,usera4,fib284","D:\IVDrData\data"
361,"nmrsu","fibers_C1_PLA_NMR-PACS@fEPP_FIBr03_FIBp033","fibers_NMR-PACS_PLA_FIB00154_R6C1\n","292","Plasma","PROF_PLASMA_JRES","usera2,FIB00154,usera3,FIBr03,usera4,fib284","D:\IVDrData\data"
361,"nmrsu","fibers_C1_PLA_NMR-PACS@fEPP_FIBr03_FIBp033","fibers_NMR-PACS_PLA_FIB00154_R6C1\n","293","Plasma","PROF_PLASMA_PGPE","usera2,FIB00154,usera3,FIBr03,usera4,fib284","D:\IVDrData\data"
361,"nmrsu","fibers_C1_PLA_NMR-PACS@fEPP_FIBr03_FIBp033","fibers_NMR-PACS_PLA_FIB00154_R6C1\n","294","Plasma","PROF_PLASMA_DAS","usera2,FIB00154,usera3,FIBr03,usera4,fib284","D:\IVDrData\data"
362,"nmrsu","fibers_C1_PLA_NMR-PACS@fEPP_FIBr03_FIBp033","fibers_NMR-PACS_PLA_FIB00416_R6C2\n","300","Plasma","PROF_PLASMA_NOESY","usera2,FIB00416,usera3,FIBr03,usera4,fib284","D:\IVDrData\data"
362,"nmrsu","fibers_C1_PLA_NMR-PACS@fEPP_FIBr03_FIBp033","fibers_NMR-PACS_PLA_FIB00416_R6C2\n","301","Plasma","PROF_PLASMA_CPMG","usera2,FIB00416,usera3,FIBr03,usera4,fib284","D:\IVDrData\data"
362,"nmrsu","fibers_C1_PLA_NMR-PACS@fEPP_FIBr03_FIBp033","fibers_NMR-PACS_PLA_FIB00416_R6C2\n","302","Plasma","PROF_PLASMA_JRES","usera2,FIB00416,usera3,FIBr03,usera4,fib284","D:\IVDrData\data"
362,"nmrsu","fibers_C1_PLA_NMR-PACS@fEPP_FIBr03_FIBp033","fibers_NMR-PACS_PLA_FIB00416_R6C2\n","303","Plasma","PROF_PLASMA_PGPE","usera2,FIB00416,usera3,FIBr03,usera4,fib284","D:\IVDrData\data"
362,"nmrsu","fibers_C1_PLA_NMR-PACS@fEPP_FIBr03_FIBp033","fibers_NMR-PACS_PLA_FIB00416_R6C2\n","304","Plasma","PROF_PLASMA_DAS","usera2,FIB00416,usera3,FIBr03,usera4,fib284","D:\IVDrData\data"
363,"nmrsu","fibers_C1_PLA_NMR-PACS@fEPP_FIBr03_FIBp033","fibers_NMR-PACS_PLA_FIB00684_R6C3\n","310","Plasma","PROF_PLASMA_NOESY","usera2,FIB00684,usera3,FIBr03,usera4,fib284","D:\IVDrData\data"
363,"nmrsu","fibers_C1_PLA_NMR-PACS@fEPP_FIBr03_FIBp033","fibers_NMR-PACS_PLA_FIB00684_R6C3\n","311","Plasma","PROF_PLASMA_CPMG","usera2,FIB00684,usera3,FIBr03,usera4,fib284","D:\IVDrData\data"
363,"nmrsu","fibers_C1_PLA_NMR-PACS@fEPP_FIBr03_FIBp033","fibers_NMR-PACS_PLA_FIB00684_R6C3\n","312","Plasma","PROF_PLASMA_JRES","usera2,FIB00684,usera3,FIBr03,usera4,fib284","D:\IVDrData\data"
363,"nmrsu","fibers_C1_PLA_NMR-PACS@fEPP_FIBr03_FIBp033","fibers_NMR-PACS_PLA_FIB00684_R6C3\n","313","Plasma","PROF_PLASMA_PGPE","usera2,FIB00684,usera3,FIBr03,usera4,fib284","D:\IVDrData\data"
363,"nmrsu","fibers_C1_PLA_NMR-PACS@fEPP_FIBr03_FIBp033","fibers_NMR-PACS_PLA_FIB00684_R6C3\n","314","Plasma","PROF_PLASMA_DAS","usera2,FIB00684,usera3,FIBr03,usera4,fib284","D:\IVDrData\data"
366,"nmrsu","fibers_C1_PLA_NMR-PACS@fEPP_FIBr03_FIBp033","fibers_NMR-PACS_PLA_FIB00095_R6C6\n","320","Plasma","PROF_PLASMA_NOESY","usera2,FIB00095,usera3,FIBr03,usera4,fib293","D:\IVDrData\data"
366,"nmrsu","fibers_C1_PLA_NMR-PACS@fEPP_FIBr03_FIBp033","fibers_NMR-PACS_PLA_FIB00095_R6C6\n","321","Plasma","PROF_PLASMA_CPMG","usera2,FIB00095,usera3,FIBr03,usera4,fib293","D:\IVDrData\data"
366,"nmrsu","fibers_C1_PLA_NMR-PACS@fEPP_FIBr03_FIBp033","fibers_NMR-PACS_PLA_FIB00095_R6C6\n","322","Plasma","PROF_PLASMA_JRES","usera2,FIB00095,usera3,FIBr03,usera4,fib293","D:\IVDrData\data"
366,"nmrsu","fibers_C1_PLA_NMR-PACS@fEPP_FIBr03_FIBp033","fibers_NMR-PACS_PLA_FIB00095_R6C6\n","323","Plasma","PROF_PLASMA_PGPE","usera2,FIB00095,usera3,FIBr03,usera4,fib293","D:\IVDrData\data"
366,"nmrsu","fibers_C1_PLA_NMR-PACS@fEPP_FIBr03_FIBp033","fibers_NMR-PACS_PLA_FIB00095_R6C6\n","324","Plasma","PROF_PLASMA_DAS","usera2,FIB00095,usera3,FIBr03,usera4,fib293","D:\IVDrData\data"
372,"nmrsu","fibers_C1_PLA_NMR-PACS@fEPP_FIBr03_FIBp033","fibers_NMR-PACS_PLA_LTR_R6C12\n","330","Plasma","PROF_PLASMA_NOESY","usera2,LTR,usera3,FIBr03,usera4,PLA","D:\IVDrData\data"
372,"nmrsu","fibers_C1_PLA_NMR-PACS@fEPP_FIBr03_FIBp033","fibers_NMR-PACS_PLA_LTR_R6C12\n","331","Plasma","PROF_PLASMA_CPMG","usera2,LTR,usera3,FIBr03,usera4,PLA","D:\IVDrData\data"
372,"nmrsu","fibers_C1_PLA_NMR-PACS@fEPP_FIBr03_FIBp033","fibers_NMR-PACS_PLA_LTR_R6C12\n","332","Plasma","PROF_PLASMA_JRES","usera2,LTR,usera3,FIBr03,usera4,PLA","D:\IVDrData\data"
372,"nmrsu","fibers_C1_PLA_NMR-PACS@fEPP_FIBr03_FIBp033","fibers_NMR-PACS_PLA_LTR_R6C12\n","333","Plasma","PROF_PLASMA_PGPE","usera2,LTR,usera3,FIBr03,usera4,PLA","D:\IVDrData\data"
372,"nmrsu","fibers_C1_PLA_NMR-PACS@fEPP_FIBr03_FIBp033","fibers_NMR-PACS_PLA_LTR_R6C12\n","334","Plasma","PROF_PLASMA_DAS","usera2,LTR,usera3,FIBr03,usera4,PLA","D:\IVDrData\data"
373,"nmrsu","fibers_C1_PLA_NMR-PACS@fEPP_FIBr03_FIBp033","fibers_NMR-PACS_PLA_FIB00159_R7C1\n","340","Plasma","PROF_PLASMA_NOESY","usera2,FIB00159,usera3,FIBr03,usera4,fib284","D:\IVDrData\data"
373,"nmrsu","fibers_C1_PLA_NMR-PACS@fEPP_FIBr03_FIBp033","fibers_NMR-PACS_PLA_FIB00159_R7C1\n","341","Plasma","PROF_PLASMA_CPMG","usera2,FIB00159,usera3,FIBr03,usera4,fib284","D:\IVDrData\data"
373,"nmrsu","fibers_C1_PLA_NMR-PACS@fEPP_FIBr03_FIBp033","fibers_NMR-PACS_PLA_FIB00159_R7C1\n","342","Plasma","PROF_PLASMA_JRES","usera2,FIB00159,usera3,FIBr03,usera4,fib284","D:\IVDrData\data"
373,"nmrsu","fibers_C1_PLA_NMR-PACS@fEPP_FIBr03_FIBp033","fibers_NMR-PACS_PLA_FIB00159_R7C1\n","343","Plasma","PROF_PLASMA_PGPE","usera2,FIB00159,usera3,FIBr03,usera4,fib284","D:\IVDrData\data"
373,"nmrsu","fibers_C1_PLA_NMR-PACS@fEPP_FIBr03_FIBp033","fibers_NMR-PACS_PLA_FIB00159_R7C1\n","344","Plasma","PROF_PLASMA_DAS","usera2,FIB00159,usera3,FIBr03,usera4,fib284","D:\IVDrData\data"
374,"nmrsu","fibers_C1_PLA_NMR-PACS@fEPP_FIBr03_FIBp033","fibers_NMR-PACS_PLA_FIB00417_R7C2\n","350","Plasma","PROF_PLASMA_NOESY","usera2,FIB00417,usera3,FIBr03,usera4,fib284","D:\IVDrData\data"
374,"nmrsu","fibers_C1_PLA_NMR-PACS@fEPP_FIBr03_FIBp033","fibers_NMR-PACS_PLA_FIB00417_R7C2\n","351","Plasma","PROF_PLASMA_CPMG","usera2,FIB00417,usera3,FIBr03,usera4,fib284","D:\IVDrData\data"
374,"nmrsu","fibers_C1_PLA_NMR-PACS@fEPP_FIBr03_FIBp033","fibers_NMR-PACS_PLA_FIB00417_R7C2\n","352","Plasma","PROF_PLASMA_JRES","usera2,FIB00417,usera3,FIBr03,usera4,fib284","D:\IVDrData\data"
374,"nmrsu","fibers_C1_PLA_NMR-PACS@fEPP_FIBr03_FIBp033","fibers_NMR-PACS_PLA_FIB00417_R7C2\n","353","Plasma","PROF_PLASMA_PGPE","usera2,FIB00417,usera3,FIBr03,usera4,fib284","D:\IVDrData\data"
374,"nmrsu","fibers_C1_PLA_NMR-PACS@fEPP_FIBr03_FIBp033","fibers_NMR-PACS_PLA_FIB00417_R7C2\n","354","Plasma","PROF_PLASMA_DAS","usera2,FIB00417,usera3,FIBr03,usera4,fib284","D:\IVDrData\data"
375,"nmrsu","fibers_C1_PLA_NMR-PACS@fEPP_FIBr03_FIBp033","fibers_NMR-PACS_PLA_SLTR_R7C3\n","360","Plasma","PROF_PLASMA_NOESY","usera2,SLTR,usera3,FIBr03,usera4,PLA","D:\IVDrData\data"
375,"nmrsu","fibers_C1_PLA_NMR-PACS@fEPP_FIBr03_FIBp033","fibers_NMR-PACS_PLA_SLTR_R7C3\n","361","Plasma","PROF_PLASMA_CPMG","usera2,SLTR,usera3,FIBr03,usera4,PLA","D:\IVDrData\data"
375,"nmrsu","fibers_C1_PLA_NMR-PACS@fEPP_FIBr03_FIBp033","fibers_NMR-PACS_PLA_SLTR_R7C3\n","362","Plasma","PROF_PLASMA_JRES","usera2,SLTR,usera3,FIBr03,usera4,PLA","D:\IVDrData\data"
375,"nmrsu","fibers_C1_PLA_NMR-PACS@fEPP_FIBr03_FIBp033","fibers_NMR-PACS_PLA_SLTR_R7C3\n","363","Plasma","PROF_PLASMA_PGPE","usera2,SLTR,usera3,FIBr03,usera4,PLA","D:\IVDrData\data"
375,"nmrsu","fibers_C1_PLA_NMR-PACS@fEPP_FIBr03_FIBp033","fibers_NMR-PACS_PLA_SLTR_R7C3\n","364","Plasma","PROF_PLASMA_DAS","usera2,SLTR,usera3,FIBr03,usera4,PLA","D:\IVDrData\data"
377,"nmrsu","fibers_C1_PLA_NMR-PACS@fEPP_FIBr03_FIBp033","fibers_NMR-PACS_PLA_FIB00067_R7C5\n","370","Plasma","PROF_PLASMA_NOESY","usera2,FIB00067,usera3,FIBr03,usera4,fib293","D:\IVDrData\data"
377,"nmrsu","fibers_C1_PLA_NMR-PACS@fEPP_FIBr03_FIBp033","fibers_NMR-PACS_PLA_FIB00067_R7C5\n","371","Plasma","PROF_PLASMA_CPMG","usera2,FIB00067,usera3,FIBr03,usera4,fib293","D:\IVDrData\data"
377,"nmrsu","fibers_C1_PLA_NMR-PACS@fEPP_FIBr03_FIBp033","fibers_NMR-PACS_PLA_FIB00067_R7C5\n","372","Plasma","PROF_PLASMA_JRES","usera2,FIB00067,usera3,FIBr03,usera4,fib293","D:\IVDrData\data"
377,"nmrsu","fibers_C1_PLA_NMR-PACS@fEPP_FIBr03_FIBp033","fibers_NMR-PACS_PLA_FIB00067_R7C5\n","373","Plasma","PROF_PLASMA_PGPE","usera2,FIB00067,usera3,FIBr03,usera4,fib293","D:\IVDrData\data"
377,"nmrsu","fibers_C1_PLA_NMR-PACS@fEPP_FIBr03_FIBp033","fibers_NMR-PACS_PLA_FIB00067_R7C5\n","374","Plasma","PROF_PLASMA_DAS","usera2,FIB00067,usera3,FIBr03,usera4,fib293","D:\IVDrData\data"
378,"nmrsu","fibers_C1_PLA_NMR-PACS@fEPP_FIBr03_FIBp033","fibers_NMR-PACS_PLA_FIB00099_R7C6\n","380","Plasma","PROF_PLASMA_NOESY","usera2,FIB00099,usera3,FIBr03,usera4,fib293","D:\IVDrData\data"
378,"nmrsu","fibers_C1_PLA_NMR-PACS@fEPP_FIBr03_FIBp033","fibers_NMR-PACS_PLA_FIB00099_R7C6\n","381","Plasma","PROF_PLASMA_CPMG","usera2,FIB00099,usera3,FIBr03,usera4,fib293","D:\IVDrData\data"
378,"nmrsu","fibers_C1_PLA_NMR-PACS@fEPP_FIBr03_FIBp033","fibers_NMR-PACS_PLA_FIB00099_R7C6\n","382","Plasma","PROF_PLASMA_JRES","usera2,FIB00099,usera3,FIBr03,usera4,fib293","D:\IVDrData\data"
378,"nmrsu","fibers_C1_PLA_NMR-PACS@fEPP_FIBr03_FIBp033","fibers_NMR-PACS_PLA_FIB00099_R7C6\n","383","Plasma","PROF_PLASMA_PGPE","usera2,FIB00099,usera3,FIBr03,usera4,fib293","D:\IVDrData\data"
378,"nmrsu","fibers_C1_PLA_NMR-PACS@fEPP_FIBr03_FIBp033","fibers_NMR-PACS_PLA_FIB00099_R7C6\n","384","Plasma","PROF_PLASMA_DAS","usera2,FIB00099,usera3,FIBr03,usera4,fib293","D:\IVDrData\data"
380,"nmrsu","fibers_C1_PLA_NMR-PACS@fEPP_FIBr03_FIBp033","fibers_NMR-PACS_PLA_SLTR_R7C8\n","390","Plasma","PROF_PLASMA_NOESY","usera2,SLTR,usera3,FIBr03,usera4,PLA","D:\IVDrData\data"
380,"nmrsu","fibers_C1_PLA_NMR-PACS@fEPP_FIBr03_FIBp033","fibers_NMR-PACS_PLA_SLTR_R7C8\n","391","Plasma","PROF_PLASMA_CPMG","usera2,SLTR,usera3,FIBr03,usera4,PLA","D:\IVDrData\data"
380,"nmrsu","fibers_C1_PLA_NMR-PACS@fEPP_FIBr03_FIBp033","fibers_NMR-PACS_PLA_SLTR_R7C8\n","392","Plasma","PROF_PLASMA_JRES","usera2,SLTR,usera3,FIBr03,usera4,PLA","D:\IVDrData\data"
380,"nmrsu","fibers_C1_PLA_NMR-PACS@fEPP_FIBr03_FIBp033","fibers_NMR-PACS_PLA_SLTR_R7C8\n","393","Plasma","PROF_PLASMA_PGPE","usera2,SLTR,usera3,FIBr03,usera4,PLA","D:\IVDrData\data"
380,"nmrsu","fibers_C1_PLA_NMR-PACS@fEPP_FIBr03_FIBp033","fibers_NMR-PACS_PLA_SLTR_R7C8\n","394","Plasma","PROF_PLASMA_DAS","usera2,SLTR,usera3,FIBr03,usera4,PLA","D:\IVDrData\data"
385,"nmrsu","fibers_C1_PLA_NMR-PACS@fEPP_FIBr03_FIBp033","fibers_NMR-PACS_PLA_FIB00164_R8C1\n","400","Plasma","PROF_PLASMA_NOESY","usera2,FIB00164,usera3,FIBr03,usera4,fib284","D:\IVDrData\data"
385,"nmrsu","fibers_C1_PLA_NMR-PACS@fEPP_FIBr03_FIBp033","fibers_NMR-PACS_PLA_FIB00164_R8C1\n","401","Plasma","PROF_PLASMA_CPMG","usera2,FIB00164,usera3,FIBr03,usera4,fib284","D:\IVDrData\data"
385,"nmrsu","fibers_C1_PLA_NMR-PACS@fEPP_FIBr03_FIBp033","fibers_NMR-PACS_PLA_FIB00164_R8C1\n","402","Plasma","PROF_PLASMA_JRES","usera2,FIB00164,usera3,FIBr03,usera4,fib284","D:\IVDrData\data"
385,"nmrsu","fibers_C1_PLA_NMR-PACS@fEPP_FIBr03_FIBp033","fibers_NMR-PACS_PLA_FIB00164_R8C1\n","403","Plasma","PROF_PLASMA_PGPE","usera2,FIB00164,usera3,FIBr03,usera4,fib284","D:\IVDrData\data"
385,"nmrsu","fibers_C1_PLA_NMR-PACS@fEPP_FIBr03_FIBp033","fibers_NMR-PACS_PLA_FIB00164_R8C1\n","404","Plasma","PROF_PLASMA_DAS","usera2,FIB00164,usera3,FIBr03,usera4,fib284","D:\IVDrData\data"
386,"nmrsu","fibers_C1_PLA_NMR-PACS@fEPP_FIBr03_FIBp033","fibers_NMR-PACS_PLA_FIB00421_R8C2\n","410","Plasma","PROF_PLASMA_NOESY","usera2,FIB00421,usera3,FIBr03,usera4,fib284","D:\IVDrData\data"
386,"nmrsu","fibers_C1_PLA_NMR-PACS@fEPP_FIBr03_FIBp033","fibers_NMR-PACS_PLA_FIB00421_R8C2\n","411","Plasma","PROF_PLASMA_CPMG","usera2,FIB00421,usera3,FIBr03,usera4,fib284","D:\IVDrData\data"
386,"nmrsu","fibers_C1_PLA_NMR-PACS@fEPP_FIBr03_FIBp033","fibers_NMR-PACS_PLA_FIB00421_R8C2\n","412","Plasma","PROF_PLASMA_JRES","usera2,FIB00421,usera3,FIBr03,usera4,fib284","D:\IVDrData\data"
386,"nmrsu","fibers_C1_PLA_NMR-PACS@fEPP_FIBr03_FIBp033","fibers_NMR-PACS_PLA_FIB00421_R8C2\n","413","Plasma","PROF_PLASMA_PGPE","usera2,FIB00421,usera3,FIBr03,usera4,fib284","D:\IVDrData\data"
386,"nmrsu","fibers_C1_PLA_NMR-PACS@fEPP_FIBr03_FIBp033","fibers_NMR-PACS_PLA_FIB00421_R8C2\n","414","Plasma","PROF_PLASMA_DAS","usera2,FIB00421,usera3,FIBr03,usera4,fib284","D:\IVDrData\data"
387,"nmrsu","fibers_C1_PLA_NMR-PACS@fEPP_FIBr03_FIBp033","fibers_NMR-PACS_PLA_FIB00689_R8C3\n","420","Plasma","PROF_PLASMA_NOESY","usera2,FIB00689,usera3,FIBr03,usera4,fib284","D:\IVDrData\data"
387,"nmrsu","fibers_C1_PLA_NMR-PACS@fEPP_FIBr03_FIBp033","fibers_NMR-PACS_PLA_FIB00689_R8C3\n","421","Plasma","PROF_PLASMA_CPMG","usera2,FIB00689,usera3,FIBr03,usera4,fib284","D:\IVDrData\data"
387,"nmrsu","fibers_C1_PLA_NMR-PACS@fEPP_FIBr03_FIBp033","fibers_NMR-PACS_PLA_FIB00689_R8C3\n","422","Plasma","PROF_PLASMA_JRES","usera2,FIB00689,usera3,FIBr03,usera4,fib284","D:\IVDrData\data"
387,"nmrsu","fibers_C1_PLA_NMR-PACS@fEPP_FIBr03_FIBp033","fibers_NMR-PACS_PLA_FIB00689_R8C3\n","423","Plasma","PROF_PLASMA_PGPE","usera2,FIB00689,usera3,FIBr03,usera4,fib284","D:\IVDrData\data"
387,"nmrsu","fibers_C1_PLA_NMR-PACS@fEPP_FIBr03_FIBp033","fibers_NMR-PACS_PLA_FIB00689_R8C3\n","424","Plasma","PROF_PLASMA_DAS","usera2,FIB00689,usera3,FIBr03,usera4,fib284","D:\IVDrData\data"
389,"nmrsu","fibers_C1_PLA_NMR-PACS@fEPP_FIBr03_FIBp033","fibers_NMR-PACS_PLA_FIB00071_R8C5\n","430","Plasma","PROF_PLASMA_NOESY","usera2,FIB00071,usera3,FIBr03,usera4,fib293","D:\IVDrData\data"
389,"nmrsu","fibers_C1_PLA_NMR-PACS@fEPP_FIBr03_FIBp033","fibers_NMR-PACS_PLA_FIB00071_R8C5\n","431","Plasma","PROF_PLASMA_CPMG","usera2,FIB00071,usera3,FIBr03,usera4,fib293","D:\IVDrData\data"
389,"nmrsu","fibers_C1_PLA_NMR-PACS@fEPP_FIBr03_FIBp033","fibers_NMR-PACS_PLA_FIB00071_R8C5\n","432","Plasma","PROF_PLASMA_JRES","usera2,FIB00071,usera3,FIBr03,usera4,fib293","D:\IVDrData\data"
389,"nmrsu","fibers_C1_PLA_NMR-PACS@fEPP_FIBr03_FIBp033","fibers_NMR-PACS_PLA_FIB00071_R8C5\n","433","Plasma","PROF_PLASMA_PGPE","usera2,FIB00071,usera3,FIBr03,usera4,fib293","D:\IVDrData\data"
389,"nmrsu","fibers_C1_PLA_NMR-PACS@fEPP_FIBr03_FIBp033","fibers_NMR-PACS_PLA_FIB00071_R8C5\n","434","Plasma","PROF_PLASMA_DAS","usera2,FIB00071,usera3,FIBr03,usera4,fib293","D:\IVDrData\data"
396,"nmrsu","fibers_C1_PLA_NMR-PACS@fEPP_FIBr03_FIBp033","fibers_NMR-PACS_PLA_LTR_R8C12\n","440","Plasma","PROF_PLASMA_NOESY","usera2,LTR,usera3,FIBr03,usera4,PLA","D:\IVDrData\data"
396,"nmrsu","fibers_C1_PLA_NMR-PACS@fEPP_FIBr03_FIBp033","fibers_NMR-PACS_PLA_LTR_R8C12\n","441","Plasma","PROF_PLASMA_CPMG","usera2,LTR,usera3,FIBr03,usera4,PLA","D:\IVDrData\data"
396,"nmrsu","fibers_C1_PLA_NMR-PACS@fEPP_FIBr03_FIBp033","fibers_NMR-PACS_PLA_LTR_R8C12\n","442","Plasma","PROF_PLASMA_JRES","usera2,LTR,usera3,FIBr03,usera4,PLA","D:\IVDrData\data"
396,"nmrsu","fibers_C1_PLA_NMR-PACS@fEPP_FIBr03_FIBp033","fibers_NMR-PACS_PLA_LTR_R8C12\n","443","Plasma","PROF_PLASMA_PGPE","usera2,LTR,usera3,FIBr03,usera4,PLA","D:\IVDrData\data"
396,"nmrsu","fibers_C1_PLA_NMR-PACS@fEPP_FIBr03_FIBp033","fibers_NMR-PACS_PLA_LTR_R8C12\n","444","Plasma","PROF_PLASMA_DAS","usera2,LTR,usera3,FIBr03,usera4,PLA","D:\IVDrData\data"
